Workbook

Sheet Raw_claw-code
A1: Round | B1: Encode Speed (MB/s) | I1: Decode Speed (MB/s) | P1: Encode RSS (MB) | W1: Decode RSS (MB) | AD1: Encode Energy (J) | AK1: Decode Energy (J) | AR1: Compress Ratio
B2: TGZ | C2: BVX3 | D2: Other3 | E2: Lazy2 | F2: Optimal | G2: ZSTD | H2: TLZ4 | I2: TGZ | J2: BVX3 | K2: Other3 | L2: Lazy2 | M2: Optimal | N2: ZSTD | O2: TLZ4 | P2: TGZ | Q2: BVX3 | R2: Other3 | S2: Lazy2 | T2: Optimal | U2: ZSTD | V2: TLZ4 | W2: TGZ | X2: BVX3 | Y2: Other3 | Z2: Lazy2 | AA2: Optimal | AB2: ZSTD | AC2: TLZ4 | AD2: TGZ | AE2: BVX3 | AF2: Other3 | AG2: Lazy2 | AH2: Optimal | AI2: ZSTD | AJ2: TLZ4 | AK2: TGZ | AL2: BVX3 | AM2: Other3 | AN2: Lazy2 | AO2: Optimal | AP2: ZSTD | AQ2: TLZ4 | AR2: TGZ | AS2: BVX3 | AT2: Other3 | AU2: Lazy2 | AV2: Optimal | AW2: ZSTD | AX2: TLZ4
A3: R3 | B3: 44.39 | C3: 426.54 | D3: 473.92 | E3: 40.1 | F3: 26.17 | G3: 448.99 | H3: 527.62 | I3: 530.48 | J3: 405.35 | K3: 602.97 | L3: 567.41 | M3: 565.39 | N3: 221.84 | O3: 277.75 | AR3: 1 | AS3: 0.95 | AT3: 0.9938 | AU3: 0.9021 | AV3: 0.8333 | AW3: 0.8083 | AX3: 1.1792
A4: R4 | B4: 45.15 | C4: 433.65 | D4: 432.04 | E4: 57.97 | F4: 29.14 | G4: 444.17 | H4: 541.28 | I4: 552.02 | J4: 224.1 | K4: 584.14 | L4: 578.87 | M4: 249.84 | N4: 125.67 | O4: 261.14 | AR4: 1 | AS4: 0.9542 | AT4: 0.9771 | AU4: 0.9021 | AV4: 0.8354 | AW4: 0.825 | AX4: 1.1792
A5: R5 | B5: 45.93 | C5: 402.63 | D5: 411.81 | E5: 51.55 | F5: 24.85 | G5: 425.53 | H5: 516.32 | I5: 518.94 | J5: 379.18 | K5: 534.98 | L5: 441.39 | M5: 462.34 | N5: 156.49 | O5: 140.15 | AR5: 1 | AS5: 0.9418 | AT5: 0.9771 | AU5: 0.8981 | AV5: 0.867 | AW5: 0.8378 | AX5: 1.1809
A6: R6 | B6: 45.34 | C6: 384.64 | D6: 346.57 | E6: 44.34 | F6: 21.83 | G6: 374.45 | H6: 497.19 | I6: 515.51 | J6: 493.87 | K6: 437.84 | L6: 520.52 | M6: 420.9 | N6: 153.11 | O6: 115.36 | AR6: 1 | AS6: 0.9313 | AT6: 0.9813 | AU6: 0.9021 | AV6: 0.8688 | AW6: 0.8229 | AX6: 1.1729
A7: R7 | B7: 43.23 | C7: 382.09 | D7: 343.5 | E7: 45.2 | F7: 22.21 | G7: 365.13 | H7: 497.34 | I7: 492.5 | J7: 292.19 | K7: 420.82 | L7: 436.05 | M7: 521.86 | N7: 138.24 | O7: 155.47 | AR7: 1 | AS7: 0.9479 | AT7: 0.9771 | AU7: 0.9 | AV7: 0.8688 | AW7: 0.8333 | AX7: 1.1729
A8: R8 | B8: 46.06 | C8: 384.27 | D8: 375.73 | E8: 45.93 | F8: 22.39 | G8: 376.03 | H8: 503.25 | I8: 534.1 | J8: 238.01 | K8: 498.04 | L8: 524.57 | M8: 370.72 | N8: 145.07 | O8: 143.67 | AR8: 1 | AS8: 0.9521 | AT8: 0.9833 | AU8: 0.9 | AV8: 0.8688 | AW8: 0.8188 | AX8: 1.1729
A9: R9 | B9: 46.06 | C9: 384.27 | D9: 375.73 | E9: 45.93 | F9: 22.39 | G9: 376.03 | H9: 503.25 | I9: 534.1 | J9: 238.01 | K9: 498.04 | L9: 524.57 | M9: 370.72 | N9: 145.07 | O9: 143.67 | AR9: 1 | AS9: 0.9521 | AT9: 0.9833 | AU9: 0.9 | AV9: 0.8688 | AW9: 0.8188 | AX9: 1.1729
A10: R10 | B10: 45.45 | C10: 377.55 | D10: 377.91 | E10: 46.6 | F10: 22.79 | G10: 383.12 | H10: 507.02 | I10: 565.04 | J10: 215.67 | K10: 465.59 | L10: 519.04 | M10: 307.96 | N10: 143.67 | O10: 149.23 | AR10: 1 | AS10: 0.9479 | AT10: 0.9833 | AU10: 0.9 | AV10: 0.8688 | AW10: 0.8188 | AX10: 1.1729
A11: R11 | B11: 47.81 | C11: 413.47 | D11: 407.4 | E11: 49.21 | F11: 23.99 | G11: 404.11 | H11: 534.35 | I11: 533.61 | J11: 481.99 | K11: 503.52 | L11: 460.04 | M11: 548.28 | N11: 355.65 | O11: 266.01 | AR11: 1 | AS11: 0.9515 | AT11: 0.9872 | AU11: 0.9015 | AV11: 0.8557 | AW11: 0.8257 | AX11: 1.1797
A12: R12 | B12: 38.89 | C12: 410.78 | D12: 238.98 | E12: 37.15 | F12: 17.46 | G12: 397.63 | H12: 521.52 | I12: 419.89 | J12: 215.29 | K12: 233.24 | L12: 256.71 | M12: 241.4 | N12: 317.69 | O12: 304.32 | AR12: 1 | AS12: 0.9515 | AT12: 0.9872 | AU12: 0.9015 | AV12: 0.8557 | AW12: 0.8257 | AX12: 1.1797
A13: R13 | B13: 44.31 | C13: 440.53 | D13: 400.55 | E13: 47.31 | F13: 22.45 | G13: 386.74 | H13: 521.48 | I13: 419.14 | J13: 443.04 | K13: 490.25 | L13: 332.4 | M13: 261.57 | N13: 362.38 | O13: 695.2 | AR13: 1 | AS13: 0.9515 | AT13: 0.9872 | AU13: 0.9018 | AV13: 0.8557 | AW13: 0.8257 | AX13: 1.1797
A14: R15 | B14: 46.05 | C14: 410.62 | D14: 404.87 | E14: 46.27 | F14: 24.96 | G14: 369.66 | H14: 536.59 | I14: 440.32 | J14: 578.19 | K14: 573.39 | L14: 544.71 | M14: 622.95 | N14: 671.98 | O14: 591.5 | AR14: 1 | AS14: 0.9515 | AT14: 0.9872 | AU14: 0.9018 | AV14: 0.8588 | AW14: 0.8257 | AX14: 1.1797
... A20: R22 | B20: 52.36 | C20: 505.74 | D20: 540.56 | E20: 46.49 | F20: 27.11 | G20: 324.59 | H20: 490.55 | I20: 436.82 | J20: 327.22 | K20: 435.86 | L20: 384.56 | M20: 268.6 | N20: 380.5 | O20: 203.24 | AR20: 1 | AS20: 0.9515 | AT20: 0.9872 | AU20: 0.9016 | AV20: 0.859 | AW20: 0.8255 | AX20: 1.1796
A21: R23 | B21: 50.77 | C21: 464.5 | D21: 363.34 | E21: 46.15 | F21: 26.99 | G21: 303.79 | H21: 436.7 | I21: 581.23 | J21: 348.97 | K21: 527.04 | L21: 305.11 | M21: 307.86 | N21: 265.5 | O21: 282.45 | P21: 4 | Q21: 1105.3 | R21: 1534.1 | S21: 1396.4 | T21: 1481 | U21: 352.7 | V21: 81.1 | W21: 3.7 | X21: 982.2 | Y21: 1014.1 | Z21: 935 | AA21: 895.3 | AB21: 9.2 | AC21: 33.8 | AR21: 1 | AS21: 0.9515 | AT21: 0.9872 | AU21: 0.9016 | AV21: 0.859 | AW21: 0.8255 | AX21: 1.1796
A22: R24 | B22: 50.79 | C22: 515.78 | D22: 354.87 | E22: 48.31 | F22: 26.71 | G22: 327.97 | H22: 500.44 | I22: 246.23 | J22: 162.91 | K22: 301.33 | L22: 367.7 | M22: 284.12 | N22: 182.7 | O22: 179.11 | P22: 4 | Q22: 1523 | R22: 1334.8 | S22: 1163 | T22: 1616 | U22: 392.3 | V22: 74.6 | W22: 3.7 | X22: 981.9 | Y22: 1014.2 | Z22: 935.1 | AA22: 895 | AB22: 9.5 | AC22: 33.8 | AR22: 1 | AS22: 0.9515 | AT22: 0.9872 | AU22: 0.9016 | AV22: 0.859 | AW22: 0.8255 | AX22: 1.1796
A23: R25 | B23: 51.08 | C23: 631.83 | D23: 522.53 | E23: 57.88 | F23: 30.08 | G23: 461.48 | H23: 606.34 | I23: 622.03 | J23: 733.09 | K23: 776.19 | L23: 728.47 | M23: 777.84 | N23: 1026.7 | O23: 1093.75 | P23: 4.1 | Q23: 360.9 | R23: 363.1 | S23: 500.6 | T23: 561.6 | U23: 398.7 | V23: 80.5 | W23: 3.8 | X23: 315.2 | Y23: 307.5 | Z23: 316 | AA23: 313 | AB23: 9.2 | AC23: 33.8 | AR23: 1 | AS23: 0.9515 | AT23: 0.9872 | AU23: 0.9016 | AV23: 0.859 | AW23: 0.8255 | AX23: 1.1796
A24: R26 | B24: 52.45 | C24: 646.7 | D24: 516.69 | E24: 57.54 | F24: 29.84 | G24: 470.85 | H24: 634.1 | I24: 614.47 | J24: 517.14 | K24: 766.42 | L24: 646.2 | M24: 525.84 | N24: 787.58 | O24: 914.97 | P24: 4.1 | Q24: 359.1 | R24: 376.6 | S24: 488.4 | T24: 570.3 | U24: 402.7 | V24: 80 | W24: 3.8 | X24: 315.2 | Y24: 303.2 | Z24: 316.1 | AA24: 313 | AB24: 9.1 | AC24: 33.8 | AR24: 1 | AS24: 0.9515 | AT24: 0.9872 | AU24: 0.9016 | AV24: 0.859 | AW24: 0.8255 | AX24: 1.1796
A25: R27 | B25: 50.23 | C25: 634.82 | D25: 417.11 | E25: 55.3 | F25: 34.36 | G25: 429.23 | H25: 585.13 | I25: 636.01 | J25: 746.42 | K25: 729.35 | L25: 685.2 | M25: 710.15 | N25: 1003.79 | O25: 1131.81 | P25: 4.1 | Q25: 350.7 | R25: 363 | S25: 500.9 | T25: 570.2 | U25: 403.5 | V25: 83 | W25: 3.7 | X25: 315.1 | Y25: 303.4 | Z25: 316 | AA25: 313 | AB25: 9.2 | AC25: 33.8 | AR25: 1 | AS25: 0.9515 | AT25: 0.9872 | AU25: 0.9016 | AV25: 0.859 | AW25: 0.8255 | AX25: 1.1796
A26: R28 | B26: 52.37 | C26: 672.71 | D26: 618.34 | E26: 66.46 | F26: 34.93 | G26: 465.74 | H26: 635.73 | I26: 607.17 | J26: 663.05 | K26: 763.42 | L26: 760.3 | M26: 601.02 | N26: 877.82 | O26: 830.67 | P26: 4.1 | Q26: 366.3 | R26: 354.1 | S26: 497.6 | T26: 558.6 | U26: 403.2 | V26: 84.9 | W26: 3.6 | X26: 315.3 | Y26: 303.6 | Z26: 316 | AA26: 312.9 | AB26: 9 | AC26: 33.8 | AR26: 1 | AS26: 0.9515 | AT26: 0.9872 | AU26: 0.9016 | AV26: 0.859 | AW26: 0.8255 | AX26: 1.1796
A27: R29 | B27: 52.37 | C27: 672.71 | D27: 618.34 | E27: 66.46 | F27: 34.93 | G27: 465.74 | H27: 635.73 | I27: 607.17 | J27: 663.05 | K27: 763.42 | L27: 760.3 | M27: 601.02 | N27: 877.82 | O27: 830.67 | P27: 4.1 | Q27: 366.3 | R27: 354.1 | S27: 497.6 | T27: 558.6 | U27: 403.2 | V27: 84.9 | W27: 3.6 | X27: 315.3 | Y27: 303.6 | Z27: 316 | AA27: 312.9 | AB27: 9 | AC27: 33.8 | AD27: 136.67197 | AE27: 46.373344 | AF27: 39.064042 | AG27: 200.66516 | AH27: 561.57885 | AI27: 50.456171 | AJ27: 36.324026 | AK27: 5.395316 | AL27: 2.027048 | AN27: 1.337064 | AO27: 0.746398 | AP27: 4.064515 | AQ27: 1.10392 | AR27: 1 | AS27: 0.9515 | AT27: 0.9872 | AU27: 0.9016 | AV27: 0.859 | AW27: 0.8255 | AX27: 1.1796
A28: R30 | B28: 51.28 | C28: 589.03 | D28: 513.14 | E28: 69.15 | F28: 37.13 | G28: 484.82 | H28: 581.95 | I28: 596.35 | J28: 581.45 | K28: 736.57 | L28: 530.51 | M28: 544.35 | N28: 946.35 | O28: 842.29 | P28: 4.1 | Q28: 372.8 | R28: 371.5 | S28: 502 | T28: 580.8 | U28: 398.8 | V28: 77.1 | W28: 3.7 | X28: 318.2 | Y28: 302.4 | Z28: 319.2 | AA28: 312.8 | AB28: 9.2 | AC28: 33.8 | AD28: 166.75769 | AE28: 34.633305 | AF28: 34.229972 | AG28: 107.71522 | AH28: 502.7512 | AI28: 41.50147 | AJ28: 33.913392 | AK28: 6.165873 | AL28: 0.158688 | AM28: 0.086194 | AN28: 0.09558 | AO28: 0.086997 | AP28: 4.63526 | AQ28: 1.48002 | AR28: 1 | AS28: 0.9515 | AT28: 0.9872 | AU28: 0.9016 | AV28: 0.859 | AW28: 0.8255 | AX28: 1.1796
A29: R31 | B29: 51.05 | C29: 657.59 | D29: 637.91 | E29: 68.73 | F29: 36.95 | G29: 470.23 | H29: 633.3 | I29: 600.36 | J29: 402.17 | K29: 729.78 | L29: 666.32 | M29: 452.8 | N29: 531.51 | O29: 1023.62 | P29: 4.1 | Q29: 355 | R29: 357.8 | S29: 494.7 | T29: 572.3 | U29: 398.1 | V29: 80.1 | W29: 3.7 | X29: 322.4 | Y29: 298.7 | Z29: 319.7 | AA29: 308.6 | AB29: 9.4 | AC29: 33.8 | AD29: 165.88247 | AE29: 35.672829 | AF29: 33.684011 | AG29: 111.23412 | AH29: 511.52906 | AI29: 45.077713 | AJ29: 34.855931 | AK29: 5.668557 | AL29: 0.069104 | AM29: 0.071761 | AN29: 0.085762 | AO29: 0.062455 | AP29: 4.317801 | AQ29: 5.437585 | AR29: 1 | AS29: 0.9516 | AT29: 0.9871 | AU29: 0.9013 | AV29: 0.859 | AW29: 0.8254 | AX29: 1.1795
A30: R32 | B30: 49.5 | C30: 642.06 | D30: 502.96 | E30: 67.68 | F30: 36.98 | G30: 458.22 | H30: 571.11 | I30: 574.51 | J30: 427.47 | K30: 705.81 | L30: 435.97 | M30: 416.81 | N30: 780.95 | O30: 1002.83 | P30: 4.1 | Q30: 364.7 | R30: 349.5 | S30: 485.1 | T30: 544.2 | U30: 402.8 | V30: 82.6 | W30: 3.6 | X30: 322.5 | Y30: 298.7 | Z30: 319.8 | AA30: 308.2 | AB30: 9.2 | AC30: 33.8 | AD30: 156.66884 | AE30: 34.563284 | AF30: 41.832219 | AG30: 115.00051 | AH30: 513.39939 | AI30: 48.755023 | AJ30: 33.225059 | AK30: 6.647115 | AL30: 0.150759 | AM30: 0.492021 | AN30: 0.200182 | AO30: 0.420946 | AP30: 3.573002 | AQ30: 0.744444 | AR30: 1 | AS30: 0.9516 | AT30: 0.9871 | AU30: 0.9013 | AV30: 0.8605 | AW30: 0.8254 | AX30: 1.1795
A31: R33 | B31: 51.02 | C31: 681.7 | D31: 536.98 | E31: 66.58 | F31: 36.29 | G31: 492.25 | H31: 649.19 | I31: 633.66 | J31: 687.96 | K31: 758.03 | L31: 731.77 | M31: 769.09 | N31: 846.42 | O31: 1063.63 | P31: 4 | Q31: 361.2 | R31: 369.6 | S31: 506.2 | T31: 572.6 | U31: 397.5 | V31: 79.4 | W31: 3.7 | X31: 322.6 | Y31: 298.7 | Z31: 320 | AA31: 306.8 | AB31: 9 | AC31: 33.8 | AD31: 175.95149 | AE31: 32.590001 | AF31: 34.858309 | AG31: 126.74392 | AH31: 512.05688 | AI31: 45.856653 | AJ31: 33.175219 | AK31: 7.481074 | AL31: 0.115538 | AM31: 0.55181 | AN31: 0.279663 | AO31: 0.726997 | AP31: 6.309869 | AQ31: 1.03969 | AR31: 1 | AS31: 0.9516 | AT31: 0.9871 | AU31: 0.9013 | AV31: 0.8633 | AW31: 0.8254 | AX31: 1.1795
A32: R34 | B32: 51.02 | C32: 681.7 | D32: 536.98 | E32: 66.58 | F32: 36.29 | G32: 492.25 | H32: 649.19 | I32: 633.66 | J32: 687.96 | K32: 758.03 | L32: 731.77 | M32: 769.09 | N32: 846.42 | O32: 1063.63 | P32: 4 | Q32: 361.2 | R32: 369.6 | S32: 506.2 | T32: 572.6 | U32: 397.5 | V32: 79.4 | W32: 3.7 | X32: 322.6 | Y32: 298.7 | Z32: 320 | AA32: 306.8 | AB32: 9 | AC32: 33.8 | AD32: 175.95149 | AE32: 32.590001 | AF32: 34.858309 | AG32: 126.74392 | AH32: 512.05688 | AI32: 45.856653 | AJ32: 33.175219 | AK32: 7.481074 | AL32: 0.115538 | AM32: 0.55181 | AN32: 0.279663 | AO32: 0.726997 | AP32: 6.309869 | AQ32: 1.03969 | AR32: 1 | AS32: 0.9516 | AT32: 0.9871 | AU32: 0.9013 | AV32: 0.8633 | AW32: 0.8254 | AX32: 1.1795
A33: R35 | B33: 47.77 | C33: 310.37 | D33: 365.75 | E33: 64.37 | F33: 34.7 | G33: 352.87 | H33: 408.54 | I33: 398.33 | J33: 352.72 | K33: 343.16 | L33: 303.39 | M33: 295.47 | N33: 475.22 | O33: 408.78 | P33: 4.1 | Q33: 233.1 | R33: 271 | S33: 495.8 | T33: 578.1 | U33: 377.2 | V33: 82.9 | W33: 3.8 | X33: 324.9 | Y33: 300.1 | Z33: 320.5 | AA33: 308 | AB33: 9.3 | AC33: 33.7 | AD33: 192.03582 | AE33: 35.059268 | AF33: 36.113226 | AG33: 119.95025 | AH33: 545.69468 | AI33: 49.168387 | AJ33: 33.854015 | AK33: 8.827936 | AL33: 0.611445 | AM33: 1.301037 | AN33: 0.213935 | AO33: 0.288417 | AP33: 6.868358 | AQ33: 7.295606 | AR33: 1 | AS33: 0.9492 | AT33: 0.9865 | AU33: 0.8998 | AV33: 0.859 | AW33: 0.8245 | AX33: 1.1793
A34: R36 | B34: 47.96 | C34: 379.91 | D34: 339.47 | E34: 66.16 | F34: 36.22 | G34: 372.48 | H34: 396.92 | I34: 395.98 | J34: 399.24 | K34: 424.31 | L34: 306.51 | M34: 394.35 | N34: 496.81 | O34: 347.72 | P34: 4.1 | Q34: 244.6 | R34: 252.8 | S34: 496.4 | T34: 572.3 | U34: 393 | V34: 79 | W34: 3.7 | X34: 324.7 | Y34: 299.4 | Z34: 320.1 | AA34: 308.9 | AB34: 9.3 | AC34: 33.7 | AD34: 550.36305 | AE34: 44.606623 | AF34: 48.271205 | AG34: 162.97841 | AH34: 602.63338 | AI34: 61.1058 | AJ34: 44.589969 | AK34: 28.553423 | AL34: 9.251243 | AM34: 7.105547 | AN34: 8.508665 | AO34: 8.389544 | AP34: 16.657755 | AQ34: 8.157299 | AR34: 1 | AS34: 0.9492 | AT34: 0.9865 | AU34: 0.8998 | AV34: 0.859 | AW34: 0.8245 | AX34: 1.1793
A35: R37 | B35: 47.09 | C35: 377.72 | D35: 326.06 | E35: 67.09 | F35: 35.85 | G35: 368.31 | H35: 401.11 | I35: 392.11 | J35: 399.19 | K35: 389.07 | L35: 397.82 | M35: 437.1 | N35: 476.96 | O35: 437.83 | P35: 4.2 | Q35: 256.6 | R35: 224 | S35: 491.1 | T35: 564.4 | U35: 392.7 | V35: 79.3 | W35: 3.7 | X35: 323.5 | Y35: 301 | Z35: 320.3 | AA35: 328.4 | AB35: 9.3 | AC35: 33.7 | AD35: 181.69093 | AE35: 36.86923 | AF35: 35.854704 | AG35: 113.77796 | AH35: 526.29559 | AI35: 43.392328 | AJ35: 37.48705 | AK35: 10.60466 | AL35: 4.136338 | AM35: 2.926486 | AN35: 4.087921 | AO35: 3.907384 | AP35: 8.657285 | AQ35: 3.831602 | AR35: 1 | AS35: 0.9492 | AT35: 0.9865 | AU35: 0.8998 | AV35: 0.859 | AW35: 0.8245 | AX35: 1.1793
A36: R38 | B36: 50.11 | C36: 437.11 | D36: 410.93 | E36: 69.13 | F36: 36.21 | G36: 384.52 | H36: 442.28 | I36: 404.53 | J36: 337.21 | K36: 328.53 | L36: 433.61 | M36: 324.08 | N36: 391.68 | O36: 436.26 | P36: 4.2 | Q36: 246.7 | R36: 227.6 | S36: 496.1 | T36: 561.2 | U36: 392.7 | V36: 77.4 | W36: 3.7 | X36: 323.6 | Y36: 299.4 | Z36: 320.5 | AA36: 309.3 | AB36: 9.2 | AC36: 33.7 | AD36: 167.32342 | AE36: 33.447712 | AF36: 32.060647 | AG36: 108.6155 | AH36: 517.76516 | AI36: 40.599181 | AJ36: 32.604189 | AK36: 5.27985 | AL36: 0.181589 | AM36: 0.538871 | AN36: 0.254568 | AO36: 0.253861 | AP36: 3.898976 | AQ36: 1.080945 | AR36: 1 | AS36: 0.9492 | AT36: 0.9865 | AU36: 0.8998 | AV36: 0.859 | AW36: 0.8245 | AX36: 1.1793
A37: R39 | B37: 49.77 | C37: 423.81 | D37: 380.06 | E37: 68.81 | F37: 35.88 | G37: 374.31 | H37: 429.84 | I37: 383.38 | J37: 413.24 | K37: 424.24 | L37: 322.2 | M37: 381.9 | N37: 405.69 | O37: 381.33 | P37: 4.2 | Q37: 238 | R37: 232.5 | S37: 492.8 | T37: 581.4 | U37: 387.8 | V37: 79.5 | W37: 3.7 | X37: 324.8 | Y37: 299.4 | Z37: 320.5 | AA37: 307.9 | AB37: 9.2 | AC37: 33.7 | AD37: 173.58845 | AE37: 31.143115 | AF37: 32.948343 | AG37: 107.23009 | AH37: 509.58485 | AI37: 41.463737 | AJ37: 30.166873 | AK37: 4.880472 | AL37: 0.495293 | AM37: 0.037381 | AN37: 0.065316 | AO37: 0.031139 | AP37: 3.47619 | AQ37: 0.714553 | AR37: 1 | AS37: 0.9492 | AT37: 0.9865 | AU37: 0.8998 | AV37: 0.859 | AW37: 0.8245 | AX37: 1.1793
A38: R40 | B38: 48.64 | C38: 421.51 | D38: 380.73 | E38: 57.84 | F38: 29.9 | G38: 363.63 | H38: 424.74 | I38: 380.35 | J38: 355.84 | K38: 414.82 | L38: 401.28 | M38: 355.61 | N38: 427.91 | O38: 420.76 | P38: 4.2 | Q38: 252.3 | R38: 252 | S38: 490.6 | T38: 561.2 | U38: 373.4 | V38: 81.7 | W38: 3.7 | X38: 323.6 | Y38: 301.1 | Z38: 320.2 | AA38: 307.4 | AB38: 9 | AC38: 33.8 | AD38: 182.61433 | AE38: 35.229767 | AF38: 30.909548 | AG38: 135.08505 | AH38: 537.43612 | AI38: 43.2281 | AJ38: 32.737719 | AK38: 12.746639 | AL38: 5.762166 | AM38: 3.287348 | AN38: 4.577887 | AO38: 4.507743 | AP38: 7.743531 | AQ38: 3.671951 | AR38: 1 | AS38: 0.9492 | AT38: 0.9865 | AU38: 0.8998 | AV38: 0.8574 | AW38: 0.8245 | AX38: 1.1793
A39: R41 | B39: 47.47 | C39: 405.51 | D39: 348.45 | E39: 65.08 | F39: 34.74 | G39: 368.84 | H39: 418.75 | I39: 388.48 | J39: 273.42 | K39: 310.67 | L39: 332.58 | M39: 319.62 | N39: 422.27 | O39: 313.11 | P39: 4.3 | Q39: 273.9 | R39: 239 | S39: 495.1 | T39: 578.7 | U39: 393.1 | V39: 84.8 | W39: 3.7 | X39: 323.4 | Y39: 300.9 | Z39: 320.4 | AA39: 307.2 | AB39: 9.2 | AC39: 33.7 | AD39: 183.1468 | AE39: 37.295865 | AF39: 33.195275 | AG39: 127.98061 | AH39: 516.56869 | AI39: 48.277526 | AJ39: 37.848706 | AK39: 12.490862 | AL39: 7.037979 | AM39: 3.279762 | AN39: 5.675062 | AO39: 5.227284 | AP39: 7.95993 | AQ39: 3.653914 | AR39: 1 | AS39: 0.9492 | AT39: 0.9865 | AU39: 0.8998 | AV39: 0.8574 | AW39: 0.8245 | AX39: 1.1793

Sheet Raw_llama_cpp
A1: Round | B1: Encode Speed (MB/s) | I1: Decode Speed (MB/s) | P1: Encode RSS (MB) | W1: Decode RSS (MB) | AD1: Encode Energy (J) | AK1: Decode Energy (J) | AR1: Compress Ratio
B2: TGZ | C2: BVX3 | D2: Other3 | E2: Lazy2 | F2: Optimal | G2: ZSTD | H2: TLZ4 | I2: TGZ | J2: BVX3 | K2: Other3 | L2: Lazy2 | M2: Optimal | N2: ZSTD | O2: TLZ4 | P2: TGZ | Q2: BVX3 | R2: Other3 | S2: Lazy2 | T2: Optimal | U2: ZSTD | V2: TLZ4 | W2: TGZ | X2: BVX3 | Y2: Other3 | Z2: Lazy2 | AA2: Optimal | AB2: ZSTD | AC2: TLZ4 | AD2: TGZ | AE2: BVX3 | AF2: Other3 | AG2: Lazy2 | AH2: Optimal | AI2: ZSTD | AJ2: TLZ4 | AK2: TGZ | AL2: BVX3 | AM2: Other3 | AN2: Lazy2 | AO2: Optimal | AP2: ZSTD | AQ2: TLZ4 | AR2: TGZ | AS2: BVX3 | AT2: Other3 | AU2: Lazy2 | AV2: Optimal | AW2: ZSTD | AX2: TLZ4
A3: R3 | B3: 56 | C3: 234.15 | D3: 229.59 | E3: 123.7 | F3: 48.5 | G3: 323.71 | H3: 262.01 | I3: 253.21 | J3: 207.67 | K3: 184.54 | L3: 180.59 | M3: 185.51 | N3: 108.42 | O3: 149.91 | AR3: 1 | AS3: 0.9628 | AT3: 0.9882 | AU3: 0.9645 | AV3: 0.9189 | AW3: 0.9122 | AX3: 1.0439
A4: R4 | B4: 53 | C4: 236.22 | D4: 226.43 | E4: 144.95 | F4: 46.87 | G4: 327.14 | H4: 271 | I4: 248.05 | J4: 150.93 | K4: 265.15 | L4: 233.19 | M4: 150.61 | N4: 82.14 | O4: 129.07 | AR4: 1 | AS4: 0.9663 | AT4: 0.9966 | AU4: 0.9646 | AV4: 0.9174 | AW4: 0.9073 | AX4: 1.0489
A5: R5 | B5: 52.88 | C5: 220.74 | D5: 211.31 | E5: 120.02 | F5: 37.88 | G5: 317.92 | H5: 267.28 | I5: 226.29 | J5: 152.67 | K5: 234.86 | L5: 198.28 | M5: 169.01 | N5: 104.56 | O5: 108.1 | AR5: 1 | AS5: 0.9612 | AT5: 0.9916 | AU5: 0.9376 | AV5: 0.9174 | AW5: 0.9123 | AX5: 1.0489
A6: R6 | B6: 52.25 | C6: 215.48 | D6: 198.81 | E6: 115.92 | F6: 37.67 | G6: 263.77 | H6: 222.94 | I6: 227.9 | J6: 155.99 | K6: 219.69 | L6: 183.45 | M6: 216.99 | N6: 143.26 | O6: 116.81 | AR6: 1 | AS6: 0.9831 | AT6: 0.9798 | AU6: 0.9612 | AV6: 0.9174 | AW6: 0.9005 | AX6: 1.0556
A7: R7 | B7: 50.74 | C7: 194.8 | D7: 194.84 | E7: 113.91 | F7: 35.86 | G7: 301.15 | H7: 248.81 | I7: 221.44 | J7: 147.52 | K7: 229.43 | L7: 212.86 | M7: 175.78 | N7: 99.8 | O7: 108.38 | AR7: 1 | AS7: 0.9865 | AT7: 0.9933 | AU7: 0.9612 | AV7: 0.9174 | AW7: 0.9039 | AX7: 1.0556
A8: R8 | B8: 52.64 | C8: 214.53 | D8: 207.57 | E8: 118.32 | F8: 37.63 | G8: 297.36 | H8: 246.18 | I8: 231.12 | J8: 151.2 | K8: 235.88 | L8: 196.59 | M8: 140.26 | N8: 87.49 | O8: 122.73 | AR8: 1 | AS8: 0.9848 | AT8: 1 | AU8: 0.9629 | AV8: 0.9174 | AW8: 0.9174 | AX8: 1.0354
A9: R9 | B9: 52.64 | C9: 214.53 | D9: 207.57 | E9: 118.32 | F9: 37.63 | G9: 297.36 | H9: 246.18 | I9: 231.12 | J9: 151.2 | K9: 235.88 | L9: 196.59 | M9: 140.26 | N9: 87.49 | O9: 122.73 | AR9: 1 | AS9: 0.9848 | AT9: 1 | AU9: 0.9629 | AV9: 0.9174 | AW9: 0.9174 | AX9: 1.0354
A10: R10 | B10: 52.91 | C10: 214.66 | D10: 207.93 | E10: 121.46 | F10: 37.57 | G10: 236.22 | H10: 205.83 | I10: 221.4 | J10: 98.53 | K10: 194.49 | L10: 154.07 | M10: 131.87 | N10: 0 | O10: 183.35 | AR10: 1 | AS10: 0.9797 | AT10: 0.9949 | AU10: 0.9645 | AV10: 0.9189 | AW10: 0.897 | AX10: 1.0507
A11: R11 | B11: 55.81 | C11: 229.06 | D11: 240.11 | E11: 129.16 | F11: 40.85 | G11: 338.85 | H11: 273.93 | I11: 259.96 | J11: 232.81 | K11: 256.81 | L11: 228.01 | M11: 199.41 | N11: 231.66 | O11: 244.49 | AR11: 1 | AS11: 0.9816 | AT11: 0.9978 | AU11: 0.9591 | AV11: 0.9322 | AW11: 0.9121 | AX11: 1.0549
A12: R12 | B12: 54.13 | C12: 221.63 | D12: 217.73 | E12: 125.9 | F12: 39.48 | G12: 309.24 | H12: 257.9 | I12: 242.96 | J12: 143.67 | K12: 157.98 | L12: 177.94 | M12: 172.14 | AR12: 1 | AS12: 0.9816 | AT12: 0.9978 | AU12: 0.9591 | AV12: 0.9322 | AW12: 0.9121 | AX12: 1.0549
A13: R13 | B13: 52.84 | C13: 276.71 | D13: 273.41 | E13: 127.84 | F13: 38.84 | G13: 371.41 | H13: 310.47 | I13: 182.99 | J13: 165.18 | K13: 161.77 | L13: 198.27 | M13: 202.22 | N13: 135.37 | O13: 204.89 | AR13: 1 | AS13: 0.9816 | AT13: 0.9978 | AU13: 0.9587 | AV13: 0.9322 | AW13: 0.9122 | AX13: 1.0549
A14: R15 | B14: 54.6 | C14: 135.35 | D14: 361.48 | E14: 142.63 | F14: 43.69 | G14: 136.97 | H14: 133.67 | I14: 151.13 | J14: 187.1 | K14: 129 | L14: 161.22 | M14: 197.97 | N14: 168.6 | O14: 164.72 | AR14: 1 | AS14: 0.9816 | AT14: 0.9978 | AU14: 0.9587 | AV14: 0.9416 | AW14: 0.9122 | AX14: 1.0549
A15: R16 | B15: 55.49 | C15: 299.04 | D15: 309.71 | E15: 129.59 | F15: 46.92 | G15: 390.32 | H15: 337.63 | I15: 239.24 | J15: 193.15 | K15: 234.58 | L15: 216.59 | M15: 236.49 | N15: 220.67 | O15: 190.6 | AR15: 1 | AS15: 0.9821 | AT15: 0.9978 | AU15: 0.9573 | AV15: 0.9411 | AW15: 0.912 | AX15: 1.0548
A16: R17 | B16: 37.5 | C16: 162.65 | D16: 162.71 | E16: 75.8 | F16: 26.17 | G16: 199.59 | H16: 172.58 | I16: 161.91 | J16: 132.24 | K16: 138.42 | L16: 128.67 | M16: 137.85 | N16: 144.89 | O16: 158.92 | AR16: 1 | AS16: 0.9815 | AT16: 0.9978 | AU16: 0.959 | AV16: 0.9416 | AW16: 0.912 | AX16: 1.055
A17: R18 | B17: 64.93 | C17: 407.08 | D17: 414.31 | E17: 158.74 | F17: 54.08 | G17: 453.21 | H17: 358.63 | I17: 272.13 | J17: 213.4 | K17: 257.13 | L17: 206.53 | M17: 256.9 | N17: 237.35 | O17: 293.86 | AR17: 1 | AS17: 0.9815 | AT17: 0.9977 | AU17: 0.9583 | AV17: 0.9416 | AW17: 0.912 | AX17: 1.0549
A18: R19 | B18: 68.35 | C18: 418.65 | D18: 440.07 | E18: 154.73 | F18: 53.57 | G18: 468.64 | H18: 374.58 | I18: 267.46 | J18: 284.76 | K18: 256.56 | L18: 218.86 | M18: 231.72 | N18: 257.28 | O18: 283.16 | AR18: 1 | AS18: 0.9815 | AT18: 0.9978 | AU18: 0.9587 | AV18: 0.9415 | AW18: 0.9123 | AX18: 1.0549
A19: R21 | B19: 65.62 | C19: 320.84 | D19: 401.92 | E19: 136.82 | F19: 40.93 | G19: 289.45 | H19: 257.22 | I19: 214.73 | J19: 75.99 | K19: 86.1 | L19: 81.46 | M19: 74.32 | N19: 63.07 | O19: 70.23 | AR19: 1 | AS19: 0.9815 | AT19: 0.9978 | AU19: 0.9587 | AV19: 0.9415 | AW19: 0.9123 | AX19: 1.0549
A20: R22 | B20: 65.62 | C20: 320.84 | D20: 401.92 | E20: 136.82 | F20: 40.93 | G20: 289.45 | H20: 257.22 | I20: 214.73 | J20: 75.99 | K20: 86.1 | L20: 81.46 | M20: 74.32 | N20: 63.07 | O20: 70.23 | AR20: 1 | AS20: 0.9815 | AT20: 0.9978 | AU20: 0.9587 | AV20: 0.9415 | AW20: 0.9123 | AX20: 1.0549
A21: R23 | B21: 65.39 | C21: 228.06 | D21: 385.55 | E21: 131.42 | F21: 38.92 | G21: 128.96 | H21: 135.59 | I21: 195.49 | J21: 71.69 | K21: 78.09 | L21: 60.92 | M21: 92.65 | N21: 81.69 | O21: 55.8 | P21: 4.2 | Q21: 1304.7 | R21: 1296.2 | S21: 1484 | T21: 1597.1 | U21: 448.7 | V21: 83.3 | W21: 3.8 | X21: 1226.7 | Y21: 1244.2 | Z21: 1200.1 | AA21: 1180.2 | AB21: 9.4 | AC21: 33.8 | AR21: 1 | AS21: 0.9815 | AT21: 0.9978 | AU21: 0.9587 | AV21: 0.9415 | AW21: 0.9123 | AX21: 1.0549
A22: R24 | B22: 66.01 | C22: 429.01 | D22: 440.47 | E22: 164.23 | F22: 56.88 | G22: 470.05 | H22: 363.81 | I22: 272.43 | J22: 265.73 | K22: 273.42 | L22: 237.55 | M22: 226.03 | N22: 254.6 | O22: 268.29 | P22: 4.1 | Q22: 1365.8 | R22: 1372.8 | S22: 1554 | T22: 1655.3 | U22: 508.4 | V22: 83.6 | W22: 3.8 | X22: 1226.6 | Y22: 1244.2 | Z22: 1199.9 | AA22: 1180.1 | AB22: 9.3 | AC22: 33.8 | AR22: 1 | AS22: 0.9815 | AT22: 0.9978 | AU22: 0.9587 | AV22: 0.9415 | AW22: 0.9123 | AX22: 1.0549
A23: R25 | B23: 66.8 | C23: 446.62 | D23: 449.94 | E23: 178.25 | F23: 57.06 | G23: 471.62 | H23: 373.12 | I23: 277.62 | J23: 281.88 | K23: 272.63 | L23: 293.97 | M23: 251.35 | N23: 313.12 | O23: 320.49 | P23: 4.2 | Q23: 358.4 | R23: 368.8 | S23: 526.2 | T23: 606.6 | U23: 497.9 | V23: 86 | W23: 3.8 | X23: 343.5 | Y23: 341.5 | Z23: 339.7 | AA23: 343.5 | AB23: 9.2 | AC23: 33.8 | AR23: 1 | AS23: 0.9815 | AT23: 0.9978 | AU23: 0.9587 | AV23: 0.9415 | AW23: 0.9123 | AX23: 1.0549
A24: R26 | B24: 66.7 | C24: 437.28 | D24: 447.76 | E24: 173.9 | F24: 56.21 | G24: 459.73 | H24: 369.6 | I24: 280.09 | J24: 218.06 | K24: 265.95 | L24: 286.69 | M24: 226.61 | N24: 271.7 | O24: 286.06 | P24: 4.2 | Q24: 394.8 | R24: 376.2 | S24: 525.5 | T24: 573.6 | U24: 507.7 | V24: 82.2 | W24: 3.8 | X24: 343.4 | Y24: 341.4 | Z24: 339.8 | AA24: 343.4 | AB24: 9 | AC24: 33.8 | AR24: 1 | AS24: 0.9815 | AT24: 0.9978 | AU24: 0.9587 | AV24: 0.9415 | AW24: 0.9123 | AX24: 1.0549
A25: R27 | B25: 66.08 | C25: 398.7 | D25: 423.41 | E25: 186.98 | F25: 60.24 | G25: 441.89 | H25: 353.72 | I25: 275.21 | J25: 292.37 | K25: 283.07 | L25: 308.44 | M25: 300.49 | N25: 323.42 | O25: 277.34 | P25: 4.2 | Q25: 394.2 | R25: 271.5 | S25: 518.3 | T25: 572.8 | U25: 497.1 | V25: 79.5 | W25: 3.8 | X25: 344.2 | Y25: 341.3 | Z25: 341.2 | AA25: 341.8 | AB25: 9.4 | AC25: 33.8 | AR25: 1 | AS25: 0.9816 | AT25: 0.9979 | AU25: 0.9588 | AV25: 0.9416 | AW25: 0.9124 | AX25: 1.0547
A26: R28 | B26: 66.2 | C26: 448.98 | D26: 455.4 | E26: 193.22 | F26: 60.67 | G26: 475.68 | H26: 376.35 | I26: 281.93 | J26: 224.37 | K26: 270.46 | L26: 294.54 | M26: 235.02 | N26: 279.33 | O26: 291.31 | P26: 4.2 | Q26: 380.2 | R26: 385.1 | S26: 515.8 | T26: 581.1 | U26: 507.2 | V26: 86.2 | W26: 3.7 | X26: 343.2 | Y26: 341.5 | Z26: 341.1 | AA26: 341.5 | AB26: 9.8 | AC26: 33.8 | AR26: 1 | AS26: 0.9816 | AT26: 0.9979 | AU26: 0.9588 | AV26: 0.9416 | AW26: 0.9124 | AX26: 1.0547
A27: R29 | B27: 66.2 | C27: 448.98 | D27: 455.4 | E27: 193.22 | F27: 60.67 | G27: 475.68 | H27: 376.35 | I27: 281.93 | J27: 224.37 | K27: 270.46 | L27: 294.54 | M27: 235.02 | N27: 279.33 | O27: 291.31 | P27: 4.2 | Q27: 380.2 | R27: 385.1 | S27: 515.8 | T27: 581.1 | U27: 507.2 | V27: 86.2 | W27: 3.7 | X27: 343.2 | Y27: 341.5 | Z27: 341.1 | AA27: 341.5 | AB27: 9.8 | AC27: 33.8 | AD27: 100.35836 | AE27: 29.202931 | AF27: 27.512151 | AG27: 50.73156 | AH27: 336.9165 | AI27: 29.026792 | AJ27: 40.142219 | AK27: 3.12916 | AP27: 3.965792 | AQ27: 0.056888 | AR27: 1 | AS27: 0.9816 | AT27: 0.9979 | AU27: 0.9588 | AV27: 0.9416 | AW27: 0.9124 | AX27: 1.0547
A28: R30 | B28: 64.92 | C28: 390.68 | D28: 405.58 | E28: 189.14 | F28: 60.78 | G28: 403.11 | H28: 332.27 | I28: 245.39 | J28: 197.82 | K28: 242.99 | L28: 268.03 | M28: 225.28 | N28: 236.26 | O28: 212.39 | P28: 4.2 | Q28: 361.4 | R28: 356.8 | S28: 531.2 | T28: 600.9 | U28: 507.5 | V28: 85.5 | W28: 3.8 | X28: 351.3 | Y28: 349.3 | Z28: 349.3 | AA28: 349.9 | AB28: 9.2 | AC28: 33.8 | AD28: 101.23421 | AE28: 27.06095 | AF28: 26.283298 | AG28: 46.721709 | AH28: 325.62739 | AI28: 26.645272 | AJ28: 37.921031 | AK28: 3.105597 | AP28: 1.323128 | AQ28: 3.492284 | AR28: 1 | AS28: 0.9816 | AT28: 0.9979 | AU28: 0.9588 | AV28: 0.9416 | AW28: 0.9124 | AX28: 1.0547
A29: R31 | B29: 61.41 | C29: 303.87 | D29: 282.85 | E29: 176.72 | F29: 59.65 | G29: 362.43 | H29: 305.96 | I29: 279.02 | J29: 272.96 | K29: 230.02 | L29: 239.65 | M29: 247.02 | N29: 283.33 | O29: 312.94 | P29: 4.2 | Q29: 365.4 | R29: 368.6 | S29: 518.3 | T29: 586.9 | U29: 507.6 | V29: 85.5 | W29: 3.8 | X29: 351.2 | Y29: 349.3 | Z29: 348.4 | AA29: 349.7 | AB29: 9 | AC29: 33.8 | AD29: 99.528105 | AE29: 28.262498 | AF29: 26.765581 | AG29: 50.00129 | AH29: 336.03229 | AI29: 27.474071 | AJ29: 39.421414 | AK29: 3.099404 | AM29: 0.056525 | AP29: 1.2453 | AQ29: 0.064533 | AR29: 1 | AS29: 0.9816 | AT29: 0.9978 | AU29: 0.9583 | AV29: 0.9415 | AW29: 0.9129 | AX29: 1.0546
A30: R32 | B30: 61.25 | C30: 301.7 | D30: 281.67 | E30: 177.5 | F30: 59.66 | G30: 356.38 | H30: 304.3 | I30: 252.33 | J30: 204.91 | K30: 257.14 | L30: 296.45 | M30: 217.65 | N30: 265.6 | O30: 270.46 | P30: 4.2 | Q30: 376.8 | R30: 389.5 | S30: 500.4 | T30: 577.3 | U30: 507.4 | V30: 83.9 | W30: 3.7 | X30: 351 | Y30: 349.2 | Z30: 348.3 | AA30: 349.5 | AB30: 9 | AC30: 33.8 | AD30: 112.76825 | AE30: 27.401693 | AF30: 25.293345 | AG30: 49.178915 | AH30: 329.64369 | AI30: 31.058542 | AJ30: 36.659379 | AK30: 2.634797 | AL30: 0.120664 | AM30: 0.169607 | AN30: 0.568261 | AO30: 0.456669 | AP30: 1.166775 | AQ30: 0.065587 | AR30: 1 | AS30: 0.9816 | AT30: 0.9978 | AU30: 0.9583 | AV30: 0.9421 | AW30: 0.9129 | AX30: 1.0546
A31: R33 | B31: 66.29 | C31: 433.57 | D31: 455.81 | E31: 198.03 | F31: 60.06 | G31: 468 | H31: 378.42 | I31: 282.77 | J31: 291.52 | K31: 277.42 | L31: 288.38 | M31: 287.14 | N31: 298.64 | O31: 323.85 | P31: 4.1 | Q31: 367.5 | R31: 370.3 | S31: 517.2 | T31: 604.2 | U31: 508.4 | V31: 85.5 | W31: 3.8 | X31: 351.1 | Y31: 349.4 | Z31: 348.4 | AA31: 349.9 | AB31: 9 | AC31: 33.8 | AD31: 99.984212 | AE31: 27.628079 | AF31: 24.381924 | AG31: 49.236007 | AH31: 336.99309 | AI31: 24.698026 | AJ31: 36.007727 | AK31: 3.542579 | AL31: 3.686107 | AM31: 1.279502 | AN31: 0.641797 | AO31: 0.249967 | AP31: 1.10163 | AQ31: 0.063076 | AR31: 1 | AS31: 0.9816 | AT31: 0.9978 | AU31: 0.9583 | AV31: 0.9434 | AW31: 0.9129 | AX31: 1.0546
A32: R34 | B32: 66.29 | C32: 433.57 | D32: 455.81 | E32: 198.03 | F32: 60.06 | G32: 468 | H32: 378.42 | I32: 282.77 | J32: 291.52 | K32: 277.42 | L32: 288.38 | M32: 287.14 | N32: 298.64 | O32: 323.85 | P32: 4.1 | Q32: 367.5 | R32: 370.3 | S32: 517.2 | T32: 604.2 | U32: 508.4 | V32: 85.5 | W32: 3.8 | X32: 351.1 | Y32: 349.4 | Z32: 348.4 | AA32: 349.9 | AB32: 9 | AC32: 33.8 | AD32: 99.984212 | AE32: 27.628079 | AF32: 24.381924 | AG32: 49.236007 | AH32: 336.99309 | AI32: 24.698026 | AJ32: 36.007727 | AK32: 3.542579 | AL32: 3.686107 | AM32: 1.279502 | AN32: 0.641797 | AO32: 0.249967 | AP32: 1.10163 | AQ32: 0.063076 | AR32: 1 | AS32: 0.9816 | AT32: 0.9978 | AU32: 0.9583 | AV32: 0.9434 | AW32: 0.9129 | AX32: 1.0546
A33: R35 | B33: 42.45 | C33: 95.53 | D33: 95.29 | E33: 85.25 | F33: 49.89 | G33: 98.53 | H33: 91.68 | I33: 94.23 | J33: 87.54 | K33: 87.79 | L33: 89.38 | M33: 88.28 | N33: 90.55 | O33: 88.98 | P33: 4.2 | Q33: 347 | R33: 348.3 | S33: 497 | T33: 587.2 | U33: 473.9 | V33: 80.6 | W33: 3.8 | X33: 351.4 | Y33: 349.1 | Z33: 348.8 | AA33: 349.3 | AB33: 9 | AC33: 33.8 | AD33: 173.2723 | AE33: 27.975481 | AF33: 30.003544 | AG33: 59.204837 | AH33: 371.50291 | AI33: 30.805776 | AJ33: 42.736587 | AK33: 8.68825 | AL33: 2.628152 | AM33: 2.932252 | AO33: 2.496657 | AP33: 4.945978 | AQ33: 2.56816 | AR33: 1 | AS33: 0.9787 | AT33: 0.9957 | AU33: 0.9551 | AV33: 0.9393 | AW33: 0.91 | AX33: 1.0537
A34: R36 | B34: 42.4 | C34: 100.93 | D34: 100.78 | E34: 91.11 | F34: 50.42 | G34: 103.41 | H34: 96.14 | I34: 93.04 | J34: 86.32 | K34: 83.84 | L34: 83.31 | M34: 84.65 | N34: 87.68 | O34: 84.95 | P34: 4.2 | Q34: 347.8 | R34: 340.4 | S34: 464.4 | T34: 563.5 | U34: 473.9 | V34: 81.7 | W34: 3.8 | X34: 351.2 | Y34: 349 | Z34: 348.8 | AA34: 348.9 | AB34: 9.2 | AC34: 33.8 | AD34: 646.03508 | AE34: 35.780564 | AF34: 35.6582 | AG34: 70.372966 | AH34: 407.28375 | AI34: 43.277918 | AJ34: 47.504438 | AK34: 23.745066 | AL34: 6.110705 | AM34: 5.214195 | AN34: 5.032602 | AO34: 5.858178 | AP34: 8.846652 | AQ34: 6.169753 | AR34: 1 | AS34: 0.9787 | AT34: 0.9957 | AU34: 0.9551 | AV34: 0.9393 | AW34: 0.91 | AX34: 1.0537
A35: R37 | B35: 41.21 | C35: 88.54 | D35: 88.43 | E35: 83.09 | F35: 49.85 | G35: 93.15 | H35: 88.15 | I35: 90.84 | J35: 86.46 | K35: 86.81 | L35: 88.67 | M35: 89.25 | N35: 88.74 | O35: 87.7 | P35: 4.3 | Q35: 343.5 | R35: 349.4 | S35: 487.4 | T35: 600.6 | U35: 474.1 | V35: 85 | W35: 3.8 | X35: 350.9 | Y35: 349 | Z35: 348.9 | AA35: 348.8 | AB35: 9 | AC35: 33.8 | AD35: 170.44774 | AE35: 28.439439 | AF35: 27.404132 | AG35: 49.563479 | AH35: 364.6004 | AI35: 29.261224 | AJ35: 38.916717 | AK35: 8.6899 | AL35: 2.652776 | AM35: 2.636352 | AN35: 2.487438 | AO35: 2.747863 | AP35: 4.272285 | AQ35: 2.575502 | AR35: 1 | AS35: 0.9787 | AT35: 0.9957 | AU35: 0.9551 | AV35: 0.9393 | AW35: 0.91 | AX35: 1.0537
A36: R38 | B36: 43.64 | C36: 96.31 | D36: 98.58 | E36: 89.04 | F36: 50.42 | G36: 100.9 | H36: 93.94 | I36: 93.97 | J36: 84.08 | K36: 88.47 | L36: 87.77 | M36: 81.63 | N36: 88.29 | O36: 86.14 | P36: 4.3 | Q36: 355.3 | R36: 335.5 | S36: 481.8 | T36: 597.2 | U36: 474 | V36: 80.7 | W36: 3.8 | X36: 351.3 | Y36: 349 | Z36: 348.8 | AA36: 349.2 | AB36: 9.2 | AC36: 33.8 | AD36: 161.88128 | AE36: 24.794849 | AF36: 24.936548 | AG36: 44.959099 | AH36: 359.19475 | AI36: 27.464682 | AJ36: 36.420212 | AK36: 3.445022 | AL36: 0.192758 | AM36: 0.247449 | AN36: 0.307893 | AO36: 0.061502 | AP36: 1.16715 | AQ36: 0.362328 | AR36: 1 | AS36: 0.9787 | AT36: 0.9957 | AU36: 0.9551 | AV36: 0.9393 | AW36: 0.91 | AX36: 1.0537
A37: R39 | B37: 43.09 | C37: 95.39 | D37: 96.05 | E37: 87.36 | F37: 50.12 | G37: 98.45 | H37: 91.21 | I37: 91.51 | J37: 84.36 | K37: 83.36 | L37: 85.93 | M37: 85.93 | N37: 86.23 | O37: 86.21 | P37: 4.3 | Q37: 336.4 | R37: 288.5 | S37: 486.2 | T37: 579.2 | U37: 474.1 | V37: 79.9 | W37: 3.8 | X37: 351.3 | Y37: 349 | Z37: 348.8 | AA37: 348.9 | AB37: 9 | AC37: 33.8 | AD37: 168.84092 | AE37: 23.61635 | AF37: 19.722189 | AG37: 46.799366 | AH37: 357.90825 | AI37: 23.103811 | AJ37: 32.435367 | AK37: 3.346484 | AL37: 0.026834 | AM37: 0.033256 | AN37: 0.03446 | AO37: 0.043203 | AP37: 0.702331 | AQ37: 0.102005 | AR37: 1 | AS37: 0.9787 | AT37: 0.9957 | AU37: 0.9551 | AV37: 0.9393 | AW37: 0.91 | AX37: 1.0537
A38: R40 | B38: 40.64 | C38: 88.97 | D38: 86.81 | E38: 84.81 | F38: 46.97 | G38: 92.43 | H38: 86.45 | I38: 86.29 | J38: 81.4 | K38: 80.65 | L38: 83.8 | M38: 79.28 | N38: 79.8 | O38: 78.75 | P38: 4.4 | Q38: 356.1 | R38: 362.2 | S38: 496.6 | T38: 821.4 | U38: 474.1 | V38: 82.2 | W38: 3.8 | X38: 351.4 | Y38: 349 | Z38: 348.8 | AA38: 349.3 | AB38: 9 | AC38: 33.8 | AD38: 173.25519 | AE38: 34.261963 | AF38: 30.715731 | AG38: 56.360218 | AH38: 349.61164 | AI38: 24.248009 | AJ38: 36.174133 | AK38: 9.628425 | AL38: 2.491499 | AM38: 2.14579 | AN38: 2.170224 | AO38: 2.703185 | AP38: 4.276963 | AQ38: 2.470209 | AR38: 1 | AS38: 0.9787 | AT38: 0.9958 | AU38: 0.9551 | AV38: 0.9387 | AW38: 0.91 | AX38: 1.0537
A39: R41 | B39: 42.87 | C39: 98.35 | D39: 98.5 | E39: 88.78 | F39: 51.28 | G39: 100.3 | H39: 95.39 | I39: 89.75 | J39: 79.52 | K39: 83.86 | L39: 85.54 | M39: 86.39 | N39: 84.58 | O39: 87.4 | P39: 4.3 | Q39: 362.2 | R39: 327.3 | S39: 496.9 | T39: 800.4 | U39: 474 | V39: 83.6 | W39: 3.8 | X39: 351.3 | Y39: 348.9 | Z39: 348.8 | AA39: 349 | AB39: 9.2 | AC39: 33.8 | AD39: 181.85349 | AE39: 38.430544 | AF39: 35.869722 | AG39: 64.052694 | AH39: 357.31218 | AI39: 31.178605 | AJ39: 37.862181 | AK39: 11.184513 | AL39: 2.67478 | AM39: 2.702654 | AN39: 2.433523 | AO39: 3.308972 | AP39: 4.295828 | AQ39: 3.19346 | AR39: 1 | AS39: 0.9787 | AT39: 0.9957 | AU39: 0.9551 | AV39: 0.9387 | AW39: 0.91 | AX39: 1.0537

Sheet claw-code_Speed
A1: Round | B1: enc-TGZ | C1: enc-BVX3 | D1: enc-Other3 | E1: enc-Lazy2 | F1: enc-Optimal | G1: enc-ZSTD | H1: enc-TLZ4 | I1: dec-TGZ | J1: dec-BVX3 | K1: dec-Other3 | L1: dec-Lazy2 | M1: dec-Optimal | N1: dec-ZSTD | O1: dec-TLZ4 | P1: ratio-TGZ | Q1: ratio-BVX3 | R1: ratio-Other3 | S1: ratio-Lazy2 | T1: ratio-Optimal | U1: ratio-ZSTD | V1: ratio-TLZ4
A2: R3 | B2: ='Raw_claw-code'!B3 | C2: ='Raw_claw-code'!C3 | D2: ='Raw_claw-code'!D3 | E2: ='Raw_claw-code'!E3 | F2: ='Raw_claw-code'!F3 | G2: ='Raw_claw-code'!G3 | H2: ='Raw_claw-code'!H3 | I2: ='Raw_claw-code'!I3 | ... O2: ='Raw_claw-code'!O3 | P2: ='Raw_claw-code'!AR3 | Q2: ='Raw_claw-code'!AS3 | R2: ='Raw_claw-code'!AT3 | S2: ='Raw_claw-code'!AU3 | T2: ='Raw_claw-code'!AV3 | U2: ='Raw_claw-code'!AW3 | V2: ='Raw_claw-code'!AX3
A3: R4 | B3: ='Raw_claw-code'!B4 | C3: ='Raw_claw-code'!C4 | D3: ='Raw_claw-code'!D4 | E3: ='Raw_claw-code'!E4 | F3: ='Raw_claw-code'!F4 | G3: ='Raw_claw-code'!G4 | H3: ='Raw_claw-code'!H4 | I3: ='Raw_claw-code'!I4 | ... O3: ='Raw_claw-code'!O4 | P3: ='Raw_claw-code'!AR4 | Q3: ='Raw_claw-code'!AS4 | R3: ='Raw_claw-code'!AT4 | S3: ='Raw_claw-code'!AU4 | T3: ='Raw_claw-code'!AV4 | U3: ='Raw_claw-code'!AW4 | V3: ='Raw_claw-code'!AX4
A4: R5 | B4: ='Raw_claw-code'!B5 | C4: ='Raw_claw-code'!C5 | D4: ='Raw_claw-code'!D5 | E4: ='Raw_claw-code'!E5 | F4: ='Raw_claw-code'!F5 | G4: ='Raw_claw-code'!G5 | H4: ='Raw_claw-code'!H5 | I4: ='Raw_claw-code'!I5 | ... O4: ='Raw_claw-code'!O5 | P4: ='Raw_claw-code'!AR5 | Q4: ='Raw_claw-code'!AS5 | R4: ='Raw_claw-code'!AT5 | S4: ='Raw_claw-code'!AU5 | T4: ='Raw_claw-code'!AV5 | U4: ='Raw_claw-code'!AW5 | V4: ='Raw_claw-code'!AX5
A5: R6 | B5: ='Raw_claw-code'!B6 | C5: ='Raw_claw-code'!C6 | D5: ='Raw_claw-code'!D6 | E5: ='Raw_claw-code'!E6 | F5: ='Raw_claw-code'!F6 | G5: ='Raw_claw-code'!G6 | H5: ='Raw_claw-code'!H6 | I5: ='Raw_claw-code'!I6 | ... O5: ='Raw_claw-code'!O6 | P5: ='Raw_claw-code'!AR6 | Q5: ='Raw_claw-code'!AS6 | R5: ='Raw_claw-code'!AT6 | S5: ='Raw_claw-code'!AU6 | T5: ='Raw_claw-code'!AV6 | U5: ='Raw_claw-code'!AW6 | V5: ='Raw_claw-code'!AX6
A6: R7 | B6: ='Raw_claw-code'!B7 | C6: ='Raw_claw-code'!C7 | D6: ='Raw_claw-code'!D7 | E6: ='Raw_claw-code'!E7 | F6: ='Raw_claw-code'!F7 | G6: ='Raw_claw-code'!G7 | H6: ='Raw_claw-code'!H7 | I6: ='Raw_claw-code'!I7 | ... O6: ='Raw_claw-code'!O7 | P6: ='Raw_claw-code'!AR7 | Q6: ='Raw_claw-code'!AS7 | R6: ='Raw_claw-code'!AT7 | S6: ='Raw_claw-code'!AU7 | T6: ='Raw_claw-code'!AV7 | U6: ='Raw_claw-code'!AW7 | V6: ='Raw_claw-code'!AX7
A7: R8 | B7: ='Raw_claw-code'!B8 | C7: ='Raw_claw-code'!C8 | D7: ='Raw_claw-code'!D8 | E7: ='Raw_claw-code'!E8 | F7: ='Raw_claw-code'!F8 | G7: ='Raw_claw-code'!G8 | H7: ='Raw_claw-code'!H8 | I7: ='Raw_claw-code'!I8 | ... O7: ='Raw_claw-code'!O8 | P7: ='Raw_claw-code'!AR8 | Q7: ='Raw_claw-code'!AS8 | R7: ='Raw_claw-code'!AT8 | S7: ='Raw_claw-code'!AU8 | T7: ='Raw_claw-code'!AV8 | U7: ='Raw_claw-code'!AW8 | V7: ='Raw_claw-code'!AX8
A8: R9 | B8: ='Raw_claw-code'!B9 | C8: ='Raw_claw-code'!C9 | D8: ='Raw_claw-code'!D9 | E8: ='Raw_claw-code'!E9 | F8: ='Raw_claw-code'!F9 | G8: ='Raw_claw-code'!G9 | H8: ='Raw_claw-code'!H9 | I8: ='Raw_claw-code'!I9 | ... O8: ='Raw_claw-code'!O9 | P8: ='Raw_claw-code'!AR9 | Q8: ='Raw_claw-code'!AS9 | R8: ='Raw_claw-code'!AT9 | S8: ='Raw_claw-code'!AU9 | T8: ='Raw_claw-code'!AV9 | U8: ='Raw_claw-code'!AW9 | V8: ='Raw_claw-code'!AX9
A9: R10 | B9: ='Raw_claw-code'!B10 | C9: ='Raw_claw-code'!C10 | D9: ='Raw_claw-code'!D10 | E9: ='Raw_claw-code'!E10 | F9: ='Raw_claw-code'!F10 | G9: ='Raw_claw-code'!G10 | H9: ='Raw_claw-code'!H10 | I9: ='Raw_claw-code'!I10 | ... O9: ='Raw_claw-code'!O10 | P9: ='Raw_claw-code'!AR10 | Q9: ='Raw_claw-code'!AS10 | R9: ='Raw_claw-code'!AT10 | S9: ='Raw_claw-code'!AU10 | T9: ='Raw_claw-code'!AV10 | U9: ='Raw_claw-code'!AW10 | V9: ='Raw_claw-code'!AX10
A10: R11 | B10: ='Raw_claw-code'!B11 | C10: ='Raw_claw-code'!C11 | D10: ='Raw_claw-code'!D11 | E10: ='Raw_claw-code'!E11 | F10: ='Raw_claw-code'!F11 | G10: ='Raw_claw-code'!G11 | H10: ='Raw_claw-code'!H11 | I10: ='Raw_claw-code'!I11 | ... O10: ='Raw_claw-code'!O11 | P10: ='Raw_claw-code'!AR11 | Q10: ='Raw_claw-code'!AS11 | R10: ='Raw_claw-code'!AT11 | S10: ='Raw_claw-code'!AU11 | T10: ='Raw_claw-code'!AV11 | U10: ='Raw_claw-code'!AW11 | V10: ='Raw_claw-code'!AX11
A11: R12 | B11: ='Raw_claw-code'!B12 | C11: ='Raw_claw-code'!C12 | D11: ='Raw_claw-code'!D12 | E11: ='Raw_claw-code'!E12 | F11: ='Raw_claw-code'!F12 | G11: ='Raw_claw-code'!G12 | H11: ='Raw_claw-code'!H12 | I11: ='Raw_claw-code'!I12 | ... O11: ='Raw_claw-code'!O12 | P11: ='Raw_claw-code'!AR12 | Q11: ='Raw_claw-code'!AS12 | R11: ='Raw_claw-code'!AT12 | S11: ='Raw_claw-code'!AU12 | T11: ='Raw_claw-code'!AV12 | U11: ='Raw_claw-code'!AW12 | V11: ='Raw_claw-code'!AX12
A12: R13 | B12: ='Raw_claw-code'!B13 | C12: ='Raw_claw-code'!C13 | D12: ='Raw_claw-code'!D13 | E12: ='Raw_claw-code'!E13 | F12: ='Raw_claw-code'!F13 | G12: ='Raw_claw-code'!G13 | H12: ='Raw_claw-code'!H13 | I12: ='Raw_claw-code'!I13 | ... O12: ='Raw_claw-code'!O13 | P12: ='Raw_claw-code'!AR13 | Q12: ='Raw_claw-code'!AS13 | R12: ='Raw_claw-code'!AT13 | S12: ='Raw_claw-code'!AU13 | T12: ='Raw_claw-code'!AV13 | U12: ='Raw_claw-code'!AW13 | V12: ='Raw_claw-code'!AX13
A13: R15 | B13: ='Raw_claw-code'!B14 | C13: ='Raw_claw-code'!C14 | D13: ='Raw_claw-code'!D14 | E13: ='Raw_claw-code'!E14 | F13: ='Raw_claw-code'!F14 | G13: ='Raw_claw-code'!G14 | H13: ='Raw_claw-code'!H14 | I13: ='Raw_claw-code'!I14 | ... O13: ='Raw_claw-code'!O14 | P13: ='Raw_claw-code'!AR14 | Q13: ='Raw_claw-code'!AS14 | R13: ='Raw_claw-code'!AT14 | S13: ='Raw_claw-code'!AU14 | T13: ='Raw_claw-code'!AV14 | U13: ='Raw_claw-code'!AW14 | V13: ='Raw_claw-code'!AX14
... A38: R41 | B38: ='Raw_claw-code'!B39 | C38: ='Raw_claw-code'!C39 | D38: ='Raw_claw-code'!D39 | E38: ='Raw_claw-code'!E39 | F38: ='Raw_claw-code'!F39 | G38: ='Raw_claw-code'!G39 | H38: ='Raw_claw-code'!H39 | I38: ='Raw_claw-code'!I39 | ... O38: ='Raw_claw-code'!O39 | P38: ='Raw_claw-code'!AR39 | Q38: ='Raw_claw-code'!AS39 | R38: ='Raw_claw-code'!AT39 | S38: ='Raw_claw-code'!AU39 | T38: ='Raw_claw-code'!AV39 | U38: ='Raw_claw-code'!AW39 | V38: ='Raw_claw-code'!AX39

Sheet llama_cpp_Speed
A1: Round | B1: enc-TGZ | C1: enc-BVX3 | D1: enc-Other3 | E1: enc-Lazy2 | F1: enc-Optimal | G1: enc-ZSTD | H1: enc-TLZ4 | I1: dec-TGZ | J1: dec-BVX3 | K1: dec-Other3 | L1: dec-Lazy2 | M1: dec-Optimal | N1: dec-ZSTD | O1: dec-TLZ4 | P1: ratio-TGZ | Q1: ratio-BVX3 | R1: ratio-Other3 | S1: ratio-Lazy2 | T1: ratio-Optimal | U1: ratio-ZSTD | V1: ratio-TLZ4
A2: R3 | B2: ='Raw_llama_cpp'!B3 | C2: ='Raw_llama_cpp'!C3 | D2: ='Raw_llama_cpp'!D3 | E2: ='Raw_llama_cpp'!E3 | F2: ='Raw_llama_cpp'!F3 | G2: ='Raw_llama_cpp'!G3 | H2: ='Raw_llama_cpp'!H3 | I2: ='Raw_llama_cpp'!I3 | ... O2: ='Raw_llama_cpp'!O3 | P2: ='Raw_llama_cpp'!AR3 | Q2: ='Raw_llama_cpp'!AS3 | R2: ='Raw_llama_cpp'!AT3 | S2: ='Raw_llama_cpp'!AU3 | T2: ='Raw_llama_cpp'!AV3 | U2: ='Raw_llama_cpp'!AW3 | V2: ='Raw_llama_cpp'!AX3
A3: R4 | B3: ='Raw_llama_cpp'!B4 | C3: ='Raw_llama_cpp'!C4 | D3: ='Raw_llama_cpp'!D4 | E3: ='Raw_llama_cpp'!E4 | F3: ='Raw_llama_cpp'!F4 | G3: ='Raw_llama_cpp'!G4 | H3: ='Raw_llama_cpp'!H4 | I3: ='Raw_llama_cpp'!I4 | ... O3: ='Raw_llama_cpp'!O4 | P3: ='Raw_llama_cpp'!AR4 | Q3: ='Raw_llama_cpp'!AS4 | R3: ='Raw_llama_cpp'!AT4 | S3: ='Raw_llama_cpp'!AU4 | T3: ='Raw_llama_cpp'!AV4 | U3: ='Raw_llama_cpp'!AW4 | V3: ='Raw_llama_cpp'!AX4
A4: R5 | B4: ='Raw_llama_cpp'!B5 | C4: ='Raw_llama_cpp'!C5 | D4: ='Raw_llama_cpp'!D5 | E4: ='Raw_llama_cpp'!E5 | F4: ='Raw_llama_cpp'!F5 | G4: ='Raw_llama_cpp'!G5 | H4: ='Raw_llama_cpp'!H5 | I4: ='Raw_llama_cpp'!I5 | ... O4: ='Raw_llama_cpp'!O5 | P4: ='Raw_llama_cpp'!AR5 | Q4: ='Raw_llama_cpp'!AS5 | R4: ='Raw_llama_cpp'!AT5 | S4: ='Raw_llama_cpp'!AU5 | T4: ='Raw_llama_cpp'!AV5 | U4: ='Raw_llama_cpp'!AW5 | V4: ='Raw_llama_cpp'!AX5
A5: R6 | B5: ='Raw_llama_cpp'!B6 | C5: ='Raw_llama_cpp'!C6 | D5: ='Raw_llama_cpp'!D6 | E5: ='Raw_llama_cpp'!E6 | F5: ='Raw_llama_cpp'!F6 | G5: ='Raw_llama_cpp'!G6 | H5: ='Raw_llama_cpp'!H6 | I5: ='Raw_llama_cpp'!I6 | ... O5: ='Raw_llama_cpp'!O6 | P5: ='Raw_llama_cpp'!AR6 | Q5: ='Raw_llama_cpp'!AS6 | R5: ='Raw_llama_cpp'!AT6 | S5: ='Raw_llama_cpp'!AU6 | T5: ='Raw_llama_cpp'!AV6 | U5: ='Raw_llama_cpp'!AW6 | V5: ='Raw_llama_cpp'!AX6
A6: R7 | B6: ='Raw_llama_cpp'!B7 | C6: ='Raw_llama_cpp'!C7 | D6: ='Raw_llama_cpp'!D7 | E6: ='Raw_llama_cpp'!E7 | F6: ='Raw_llama_cpp'!F7 | G6: ='Raw_llama_cpp'!G7 | H6: ='Raw_llama_cpp'!H7 | I6: ='Raw_llama_cpp'!I7 | ... O6: ='Raw_llama_cpp'!O7 | P6: ='Raw_llama_cpp'!AR7 | Q6: ='Raw_llama_cpp'!AS7 | R6: ='Raw_llama_cpp'!AT7 | S6: ='Raw_llama_cpp'!AU7 | T6: ='Raw_llama_cpp'!AV7 | U6: ='Raw_llama_cpp'!AW7 | V6: ='Raw_llama_cpp'!AX7
A7: R8 | B7: ='Raw_llama_cpp'!B8 | C7: ='Raw_llama_cpp'!C8 | D7: ='Raw_llama_cpp'!D8 | E7: ='Raw_llama_cpp'!E8 | F7: ='Raw_llama_cpp'!F8 | G7: ='Raw_llama_cpp'!G8 | H7: ='Raw_llama_cpp'!H8 | I7: ='Raw_llama_cpp'!I8 | ... O7: ='Raw_llama_cpp'!O8 | P7: ='Raw_llama_cpp'!AR8 | Q7: ='Raw_llama_cpp'!AS8 | R7: ='Raw_llama_cpp'!AT8 | S7: ='Raw_llama_cpp'!AU8 | T7: ='Raw_llama_cpp'!AV8 | U7: ='Raw_llama_cpp'!AW8 | V7: ='Raw_llama_cpp'!AX8
A8: R9 | B8: ='Raw_llama_cpp'!B9 | C8: ='Raw_llama_cpp'!C9 | D8: ='Raw_llama_cpp'!D9 | E8: ='Raw_llama_cpp'!E9 | F8: ='Raw_llama_cpp'!F9 | G8: ='Raw_llama_cpp'!G9 | H8: ='Raw_llama_cpp'!H9 | I8: ='Raw_llama_cpp'!I9 | ... O8: ='Raw_llama_cpp'!O9 | P8: ='Raw_llama_cpp'!AR9 | Q8: ='Raw_llama_cpp'!AS9 | R8: ='Raw_llama_cpp'!AT9 | S8: ='Raw_llama_cpp'!AU9 | T8: ='Raw_llama_cpp'!AV9 | U8: ='Raw_llama_cpp'!AW9 | V8: ='Raw_llama_cpp'!AX9
A9: R10 | B9: ='Raw_llama_cpp'!B10 | C9: ='Raw_llama_cpp'!C10 | D9: ='Raw_llama_cpp'!D10 | E9: ='Raw_llama_cpp'!E10 | F9: ='Raw_llama_cpp'!F10 | G9: ='Raw_llama_cpp'!G10 | H9: ='Raw_llama_cpp'!H10 | I9: ='Raw_llama_cpp'!I10 | ... O9: ='Raw_llama_cpp'!O10 | P9: ='Raw_llama_cpp'!AR10 | Q9: ='Raw_llama_cpp'!AS10 | R9: ='Raw_llama_cpp'!AT10 | S9: ='Raw_llama_cpp'!AU10 | T9: ='Raw_llama_cpp'!AV10 | U9: ='Raw_llama_cpp'!AW10 | V9: ='Raw_llama_cpp'!AX10
A10: R11 | B10: ='Raw_llama_cpp'!B11 | C10: ='Raw_llama_cpp'!C11 | D10: ='Raw_llama_cpp'!D11 | E10: ='Raw_llama_cpp'!E11 | F10: ='Raw_llama_cpp'!F11 | G10: ='Raw_llama_cpp'!G11 | H10: ='Raw_llama_cpp'!H11 | I10: ='Raw_llama_cpp'!I11 | ... O10: ='Raw_llama_cpp'!O11 | P10: ='Raw_llama_cpp'!AR11 | Q10: ='Raw_llama_cpp'!AS11 | R10: ='Raw_llama_cpp'!AT11 | S10: ='Raw_llama_cpp'!AU11 | T10: ='Raw_llama_cpp'!AV11 | U10: ='Raw_llama_cpp'!AW11 | V10: ='Raw_llama_cpp'!AX11
A11: R12 | B11: ='Raw_llama_cpp'!B12 | C11: ='Raw_llama_cpp'!C12 | D11: ='Raw_llama_cpp'!D12 | E11: ='Raw_llama_cpp'!E12 | F11: ='Raw_llama_cpp'!F12 | G11: ='Raw_llama_cpp'!G12 | H11: ='Raw_llama_cpp'!H12 | I11: ='Raw_llama_cpp'!I12 | ... O11: ='Raw_llama_cpp'!O12 | P11: ='Raw_llama_cpp'!AR12 | Q11: ='Raw_llama_cpp'!AS12 | R11: ='Raw_llama_cpp'!AT12 | S11: ='Raw_llama_cpp'!AU12 | T11: ='Raw_llama_cpp'!AV12 | U11: ='Raw_llama_cpp'!AW12 | V11: ='Raw_llama_cpp'!AX12
A12: R13 | B12: ='Raw_llama_cpp'!B13 | C12: ='Raw_llama_cpp'!C13 | D12: ='Raw_llama_cpp'!D13 | E12: ='Raw_llama_cpp'!E13 | F12: ='Raw_llama_cpp'!F13 | G12: ='Raw_llama_cpp'!G13 | H12: ='Raw_llama_cpp'!H13 | I12: ='Raw_llama_cpp'!I13 | ... O12: ='Raw_llama_cpp'!O13 | P12: ='Raw_llama_cpp'!AR13 | Q12: ='Raw_llama_cpp'!AS13 | R12: ='Raw_llama_cpp'!AT13 | S12: ='Raw_llama_cpp'!AU13 | T12: ='Raw_llama_cpp'!AV13 | U12: ='Raw_llama_cpp'!AW13 | V12: ='Raw_llama_cpp'!AX13
A13: R15 | B13: ='Raw_llama_cpp'!B14 | C13: ='Raw_llama_cpp'!C14 | D13: ='Raw_llama_cpp'!D14 | E13: ='Raw_llama_cpp'!E14 | F13: ='Raw_llama_cpp'!F14 | G13: ='Raw_llama_cpp'!G14 | H13: ='Raw_llama_cpp'!H14 | I13: ='Raw_llama_cpp'!I14 | ... O13: ='Raw_llama_cpp'!O14 | P13: ='Raw_llama_cpp'!AR14 | Q13: ='Raw_llama_cpp'!AS14 | R13: ='Raw_llama_cpp'!AT14 | S13: ='Raw_llama_cpp'!AU14 | T13: ='Raw_llama_cpp'!AV14 | U13: ='Raw_llama_cpp'!AW14 | V13: ='Raw_llama_cpp'!AX14
... A38: R41 | B38: ='Raw_llama_cpp'!B39 | C38: ='Raw_llama_cpp'!C39 | D38: ='Raw_llama_cpp'!D39 | E38: ='Raw_llama_cpp'!E39 | F38: ='Raw_llama_cpp'!F39 | G38: ='Raw_llama_cpp'!G39 | H38: ='Raw_llama_cpp'!H39 | I38: ='Raw_llama_cpp'!I39 | ... O38: ='Raw_llama_cpp'!O39 | P38: ='Raw_llama_cpp'!AR39 | Q38: ='Raw_llama_cpp'!AS39 | R38: ='Raw_llama_cpp'!AT39 | S38: ='Raw_llama_cpp'!AU39 | T38: ='Raw_llama_cpp'!AV39 | U38: ='Raw_llama_cpp'!AW39 | V38: ='Raw_llama_cpp'!AX39

Sheet claw-code_RSS
A1: Round | B1: enc-TGZ | C1: enc-BVX3 | D1: enc-Other3 | E1: enc-Lazy2 | F1: enc-Optimal | G1: enc-ZSTD | H1: enc-TLZ4
A2: R3 | B2: ='Raw_claw-code'!P3 | C2: ='Raw_claw-code'!Q3 | D2: ='Raw_claw-code'!R3 | E2: ='Raw_claw-code'!S3 | F2: ='Raw_claw-code'!T3 | G2: ='Raw_claw-code'!U3 | H2: ='Raw_claw-code'!V3
A3: R4 | B3: ='Raw_claw-code'!P4 | C3: ='Raw_claw-code'!Q4 | D3: ='Raw_claw-code'!R4 | E3: ='Raw_claw-code'!S4 | F3: ='Raw_claw-code'!T4 | G3: ='Raw_claw-code'!U4 | H3: ='Raw_claw-code'!V4
A4: R5 | B4: ='Raw_claw-code'!P5 | C4: ='Raw_claw-code'!Q5 | D4: ='Raw_claw-code'!R5 | E4: ='Raw_claw-code'!S5 | F4: ='Raw_claw-code'!T5 | G4: ='Raw_claw-code'!U5 | H4: ='Raw_claw-code'!V5
A5: R6 | B5: ='Raw_claw-code'!P6 | C5: ='Raw_claw-code'!Q6 | D5: ='Raw_claw-code'!R6 | E5: ='Raw_claw-code'!S6 | F5: ='Raw_claw-code'!T6 | G5: ='Raw_claw-code'!U6 | H5: ='Raw_claw-code'!V6
A6: R7 | B6: ='Raw_claw-code'!P7 | C6: ='Raw_claw-code'!Q7 | D6: ='Raw_claw-code'!R7 | E6: ='Raw_claw-code'!S7 | F6: ='Raw_claw-code'!T7 | G6: ='Raw_claw-code'!U7 | H6: ='Raw_claw-code'!V7
A7: R8 | B7: ='Raw_claw-code'!P8 | C7: ='Raw_claw-code'!Q8 | D7: ='Raw_claw-code'!R8 | E7: ='Raw_claw-code'!S8 | F7: ='Raw_claw-code'!T8 | G7: ='Raw_claw-code'!U8 | H7: ='Raw_claw-code'!V8
A8: R9 | B8: ='Raw_claw-code'!P9 | C8: ='Raw_claw-code'!Q9 | D8: ='Raw_claw-code'!R9 | E8: ='Raw_claw-code'!S9 | F8: ='Raw_claw-code'!T9 | G8: ='Raw_claw-code'!U9 | H8: ='Raw_claw-code'!V9
A9: R10 | B9: ='Raw_claw-code'!P10 | C9: ='Raw_claw-code'!Q10 | D9: ='Raw_claw-code'!R10 | E9: ='Raw_claw-code'!S10 | F9: ='Raw_claw-code'!T10 | G9: ='Raw_claw-code'!U10 | H9: ='Raw_claw-code'!V10
A10: R11 | B10: ='Raw_claw-code'!P11 | C10: ='Raw_claw-code'!Q11 | D10: ='Raw_claw-code'!R11 | E10: ='Raw_claw-code'!S11 | F10: ='Raw_claw-code'!T11 | G10: ='Raw_claw-code'!U11 | H10: ='Raw_claw-code'!V11
A11: R12 | B11: ='Raw_claw-code'!P12 | C11: ='Raw_claw-code'!Q12 | D11: ='Raw_claw-code'!R12 | E11: ='Raw_claw-code'!S12 | F11: ='Raw_claw-code'!T12 | G11: ='Raw_claw-code'!U12 | H11: ='Raw_claw-code'!V12
A12: R13 | B12: ='Raw_claw-code'!P13 | C12: ='Raw_claw-code'!Q13 | D12: ='Raw_claw-code'!R13 | E12: ='Raw_claw-code'!S13 | F12: ='Raw_claw-code'!T13 | G12: ='Raw_claw-code'!U13 | H12: ='Raw_claw-code'!V13
A13: R15 | B13: ='Raw_claw-code'!P14 | C13: ='Raw_claw-code'!Q14 | D13: ='Raw_claw-code'!R14 | E13: ='Raw_claw-code'!S14 | F13: ='Raw_claw-code'!T14 | G13: ='Raw_claw-code'!U14 | H13: ='Raw_claw-code'!V14
... A38: R41 | B38: ='Raw_claw-code'!P39 | C38: ='Raw_claw-code'!Q39 | D38: ='Raw_claw-code'!R39 | E38: ='Raw_claw-code'!S39 | F38: ='Raw_claw-code'!T39 | G38: ='Raw_claw-code'!U39 | H38: ='Raw_claw-code'!V39

Sheet llama_cpp_RSS
A1: Round | B1: enc-TGZ | C1: enc-BVX3 | D1: enc-Other3 | E1: enc-Lazy2 | F1: enc-Optimal | G1: enc-ZSTD | H1: enc-TLZ4
A2: R3 | B2: ='Raw_llama_cpp'!P3 | C2: ='Raw_llama_cpp'!Q3 | D2: ='Raw_llama_cpp'!R3 | E2: ='Raw_llama_cpp'!S3 | F2: ='Raw_llama_cpp'!T3 | G2: ='Raw_llama_cpp'!U3 | H2: ='Raw_llama_cpp'!V3
A3: R4 | B3: ='Raw_llama_cpp'!P4 | C3: ='Raw_llama_cpp'!Q4 | D3: ='Raw_llama_cpp'!R4 | E3: ='Raw_llama_cpp'!S4 | F3: ='Raw_llama_cpp'!T4 | G3: ='Raw_llama_cpp'!U4 | H3: ='Raw_llama_cpp'!V4
A4: R5 | B4: ='Raw_llama_cpp'!P5 | C4: ='Raw_llama_cpp'!Q5 | D4: ='Raw_llama_cpp'!R5 | E4: ='Raw_llama_cpp'!S5 | F4: ='Raw_llama_cpp'!T5 | G4: ='Raw_llama_cpp'!U5 | H4: ='Raw_llama_cpp'!V5
A5: R6 | B5: ='Raw_llama_cpp'!P6 | C5: ='Raw_llama_cpp'!Q6 | D5: ='Raw_llama_cpp'!R6 | E5: ='Raw_llama_cpp'!S6 | F5: ='Raw_llama_cpp'!T6 | G5: ='Raw_llama_cpp'!U6 | H5: ='Raw_llama_cpp'!V6
A6: R7 | B6: ='Raw_llama_cpp'!P7 | C6: ='Raw_llama_cpp'!Q7 | D6: ='Raw_llama_cpp'!R7 | E6: ='Raw_llama_cpp'!S7 | F6: ='Raw_llama_cpp'!T7 | G6: ='Raw_llama_cpp'!U7 | H6: ='Raw_llama_cpp'!V7
A7: R8 | B7: ='Raw_llama_cpp'!P8 | C7: ='Raw_llama_cpp'!Q8 | D7: ='Raw_llama_cpp'!R8 | E7: ='Raw_llama_cpp'!S8 | F7: ='Raw_llama_cpp'!T8 | G7: ='Raw_llama_cpp'!U8 | H7: ='Raw_llama_cpp'!V8
A8: R9 | B8: ='Raw_llama_cpp'!P9 | C8: ='Raw_llama_cpp'!Q9 | D8: ='Raw_llama_cpp'!R9 | E8: ='Raw_llama_cpp'!S9 | F8: ='Raw_llama_cpp'!T9 | G8: ='Raw_llama_cpp'!U9 | H8: ='Raw_llama_cpp'!V9
A9: R10 | B9: ='Raw_llama_cpp'!P10 | C9: ='Raw_llama_cpp'!Q10 | D9: ='Raw_llama_cpp'!R10 | E9: ='Raw_llama_cpp'!S10 | F9: ='Raw_llama_cpp'!T10 | G9: ='Raw_llama_cpp'!U10 | H9: ='Raw_llama_cpp'!V10
A10: R11 | B10: ='Raw_llama_cpp'!P11 | C10: ='Raw_llama_cpp'!Q11 | D10: ='Raw_llama_cpp'!R11 | E10: ='Raw_llama_cpp'!S11 | F10: ='Raw_llama_cpp'!T11 | G10: ='Raw_llama_cpp'!U11 | H10: ='Raw_llama_cpp'!V11
A11: R12 | B11: ='Raw_llama_cpp'!P12 | C11: ='Raw_llama_cpp'!Q12 | D11: ='Raw_llama_cpp'!R12 | E11: ='Raw_llama_cpp'!S12 | F11: ='Raw_llama_cpp'!T12 | G11: ='Raw_llama_cpp'!U12 | H11: ='Raw_llama_cpp'!V12
A12: R13 | B12: ='Raw_llama_cpp'!P13 | C12: ='Raw_llama_cpp'!Q13 | D12: ='Raw_llama_cpp'!R13 | E12: ='Raw_llama_cpp'!S13 | F12: ='Raw_llama_cpp'!T13 | G12: ='Raw_llama_cpp'!U13 | H12: ='Raw_llama_cpp'!V13
A13: R15 | B13: ='Raw_llama_cpp'!P14 | C13: ='Raw_llama_cpp'!Q14 | D13: ='Raw_llama_cpp'!R14 | E13: ='Raw_llama_cpp'!S14 | F13: ='Raw_llama_cpp'!T14 | G13: ='Raw_llama_cpp'!U14 | H13: ='Raw_llama_cpp'!V14
... A38: R41 | B38: ='Raw_llama_cpp'!P39 | C38: ='Raw_llama_cpp'!Q39 | D38: ='Raw_llama_cpp'!R39 | E38: ='Raw_llama_cpp'!S39 | F38: ='Raw_llama_cpp'!T39 | G38: ='Raw_llama_cpp'!U39 | H38: ='Raw_llama_cpp'!V39

Sheet claw-code_Energy
A1: Round | B1: enc-TGZ | C1: enc-BVX3 | D1: enc-Other3 | E1: enc-Lazy2 | F1: enc-Optimal | G1: enc-ZSTD | H1: enc-TLZ4
A2: R3 | B2: ='Raw_claw-code'!AD3 | C2: ='Raw_claw-code'!AE3 | D2: ='Raw_claw-code'!AF3 | E2: ='Raw_claw-code'!AG3 | F2: ='Raw_claw-code'!AH3 | G2: ='Raw_claw-code'!AI3 | H2: ='Raw_claw-code'!AJ3
A3: R4 | B3: ='Raw_claw-code'!AD4 | C3: ='Raw_claw-code'!AE4 | D3: ='Raw_claw-code'!AF4 | E3: ='Raw_claw-code'!AG4 | F3: ='Raw_claw-code'!AH4 | G3: ='Raw_claw-code'!AI4 | H3: ='Raw_claw-code'!AJ4
A4: R5 | B4: ='Raw_claw-code'!AD5 | C4: ='Raw_claw-code'!AE5 | D4: ='Raw_claw-code'!AF5 | E4: ='Raw_claw-code'!AG5 | F4: ='Raw_claw-code'!AH5 | G4: ='Raw_claw-code'!AI5 | H4: ='Raw_claw-code'!AJ5
A5: R6 | B5: ='Raw_claw-code'!AD6 | C5: ='Raw_claw-code'!AE6 | D5: ='Raw_claw-code'!AF6 | E5: ='Raw_claw-code'!AG6 | F5: ='Raw_claw-code'!AH6 | G5: ='Raw_claw-code'!AI6 | H5: ='Raw_claw-code'!AJ6
A6: R7 | B6: ='Raw_claw-code'!AD7 | C6: ='Raw_claw-code'!AE7 | D6: ='Raw_claw-code'!AF7 | E6: ='Raw_claw-code'!AG7 | F6: ='Raw_claw-code'!AH7 | G6: ='Raw_claw-code'!AI7 | H6: ='Raw_claw-code'!AJ7
A7: R8 | B7: ='Raw_claw-code'!AD8 | C7: ='Raw_claw-code'!AE8 | D7: ='Raw_claw-code'!AF8 | E7: ='Raw_claw-code'!AG8 | F7: ='Raw_claw-code'!AH8 | G7: ='Raw_claw-code'!AI8 | H7: ='Raw_claw-code'!AJ8
A8: R9 | B8: ='Raw_claw-code'!AD9 | C8: ='Raw_claw-code'!AE9 | D8: ='Raw_claw-code'!AF9 | E8: ='Raw_claw-code'!AG9 | F8: ='Raw_claw-code'!AH9 | G8: ='Raw_claw-code'!AI9 | H8: ='Raw_claw-code'!AJ9
A9: R10 | B9: ='Raw_claw-code'!AD10 | C9: ='Raw_claw-code'!AE10 | D9: ='Raw_claw-code'!AF10 | E9: ='Raw_claw-code'!AG10 | F9: ='Raw_claw-code'!AH10 | G9: ='Raw_claw-code'!AI10 | H9: ='Raw_claw-code'!AJ10
A10: R11 | B10: ='Raw_claw-code'!AD11 | C10: ='Raw_claw-code'!AE11 | D10: ='Raw_claw-code'!AF11 | E10: ='Raw_claw-code'!AG11 | F10: ='Raw_claw-code'!AH11 | G10: ='Raw_claw-code'!AI11 | H10: ='Raw_claw-code'!AJ11
A11: R12 | B11: ='Raw_claw-code'!AD12 | C11: ='Raw_claw-code'!AE12 | D11: ='Raw_claw-code'!AF12 | E11: ='Raw_claw-code'!AG12 | F11: ='Raw_claw-code'!AH12 | G11: ='Raw_claw-code'!AI12 | H11: ='Raw_claw-code'!AJ12
A12: R13 | B12: ='Raw_claw-code'!AD13 | C12: ='Raw_claw-code'!AE13 | D12: ='Raw_claw-code'!AF13 | E12: ='Raw_claw-code'!AG13 | F12: ='Raw_claw-code'!AH13 | G12: ='Raw_claw-code'!AI13 | H12: ='Raw_claw-code'!AJ13
A13: R15 | B13: ='Raw_claw-code'!AD14 | C13: ='Raw_claw-code'!AE14 | D13: ='Raw_claw-code'!AF14 | E13: ='Raw_claw-code'!AG14 | F13: ='Raw_claw-code'!AH14 | G13: ='Raw_claw-code'!AI14 | H13: ='Raw_claw-code'!AJ14
... A38: R41 | B38: ='Raw_claw-code'!AD39 | C38: ='Raw_claw-code'!AE39 | D38: ='Raw_claw-code'!AF39 | E38: ='Raw_claw-code'!AG39 | F38: ='Raw_claw-code'!AH39 | G38: ='Raw_claw-code'!AI39 | H38: ='Raw_claw-code'!AJ39

Sheet llama_cpp_Energy
A1: Round | B1: enc-TGZ | C1: enc-BVX3 | D1: enc-Other3 | E1: enc-Lazy2 | F1: enc-Optimal | G1: enc-ZSTD | H1: enc-TLZ4
A2: R3 | B2: ='Raw_llama_cpp'!AD3 | C2: ='Raw_llama_cpp'!AE3 | D2: ='Raw_llama_cpp'!AF3 | E2: ='Raw_llama_cpp'!AG3 | F2: ='Raw_llama_cpp'!AH3 | G2: ='Raw_llama_cpp'!AI3 | H2: ='Raw_llama_cpp'!AJ3
A3: R4 | B3: ='Raw_llama_cpp'!AD4 | C3: ='Raw_llama_cpp'!AE4 | D3: ='Raw_llama_cpp'!AF4 | E3: ='Raw_llama_cpp'!AG4 | F3: ='Raw_llama_cpp'!AH4 | G3: ='Raw_llama_cpp'!AI4 | H3: ='Raw_llama_cpp'!AJ4
A4: R5 | B4: ='Raw_llama_cpp'!AD5 | C4: ='Raw_llama_cpp'!AE5 | D4: ='Raw_llama_cpp'!AF5 | E4: ='Raw_llama_cpp'!AG5 | F4: ='Raw_llama_cpp'!AH5 | G4: ='Raw_llama_cpp'!AI5 | H4: ='Raw_llama_cpp'!AJ5
A5: R6 | B5: ='Raw_llama_cpp'!AD6 | C5: ='Raw_llama_cpp'!AE6 | D5: ='Raw_llama_cpp'!AF6 | E5: ='Raw_llama_cpp'!AG6 | F5: ='Raw_llama_cpp'!AH6 | G5: ='Raw_llama_cpp'!AI6 | H5: ='Raw_llama_cpp'!AJ6
A6: R7 | B6: ='Raw_llama_cpp'!AD7 | C6: ='Raw_llama_cpp'!AE7 | D6: ='Raw_llama_cpp'!AF7 | E6: ='Raw_llama_cpp'!AG7 | F6: ='Raw_llama_cpp'!AH7 | G6: ='Raw_llama_cpp'!AI7 | H6: ='Raw_llama_cpp'!AJ7
A7: R8 | B7: ='Raw_llama_cpp'!AD8 | C7: ='Raw_llama_cpp'!AE8 | D7: ='Raw_llama_cpp'!AF8 | E7: ='Raw_llama_cpp'!AG8 | F7: ='Raw_llama_cpp'!AH8 | G7: ='Raw_llama_cpp'!AI8 | H7: ='Raw_llama_cpp'!AJ8
A8: R9 | B8: ='Raw_llama_cpp'!AD9 | C8: ='Raw_llama_cpp'!AE9 | D8: ='Raw_llama_cpp'!AF9 | E8: ='Raw_llama_cpp'!AG9 | F8: ='Raw_llama_cpp'!AH9 | G8: ='Raw_llama_cpp'!AI9 | H8: ='Raw_llama_cpp'!AJ9
A9: R10 | B9: ='Raw_llama_cpp'!AD10 | C9: ='Raw_llama_cpp'!AE10 | D9: ='Raw_llama_cpp'!AF10 | E9: ='Raw_llama_cpp'!AG10 | F9: ='Raw_llama_cpp'!AH10 | G9: ='Raw_llama_cpp'!AI10 | H9: ='Raw_llama_cpp'!AJ10
A10: R11 | B10: ='Raw_llama_cpp'!AD11 | C10: ='Raw_llama_cpp'!AE11 | D10: ='Raw_llama_cpp'!AF11 | E10: ='Raw_llama_cpp'!AG11 | F10: ='Raw_llama_cpp'!AH11 | G10: ='Raw_llama_cpp'!AI11 | H10: ='Raw_llama_cpp'!AJ11
A11: R12 | B11: ='Raw_llama_cpp'!AD12 | C11: ='Raw_llama_cpp'!AE12 | D11: ='Raw_llama_cpp'!AF12 | E11: ='Raw_llama_cpp'!AG12 | F11: ='Raw_llama_cpp'!AH12 | G11: ='Raw_llama_cpp'!AI12 | H11: ='Raw_llama_cpp'!AJ12
A12: R13 | B12: ='Raw_llama_cpp'!AD13 | C12: ='Raw_llama_cpp'!AE13 | D12: ='Raw_llama_cpp'!AF13 | E12: ='Raw_llama_cpp'!AG13 | F12: ='Raw_llama_cpp'!AH13 | G12: ='Raw_llama_cpp'!AI13 | H12: ='Raw_llama_cpp'!AJ13
A13: R15 | B13: ='Raw_llama_cpp'!AD14 | C13: ='Raw_llama_cpp'!AE14 | D13: ='Raw_llama_cpp'!AF14 | E13: ='Raw_llama_cpp'!AG14 | F13: ='Raw_llama_cpp'!AH14 | G13: ='Raw_llama_cpp'!AI14 | H13: ='Raw_llama_cpp'!AJ14
... A38: R41 | B38: ='Raw_llama_cpp'!AD39 | C38: ='Raw_llama_cpp'!AE39 | D38: ='Raw_llama_cpp'!AF39 | E38: ='Raw_llama_cpp'!AG39 | F38: ='Raw_llama_cpp'!AH39 | G38: ='Raw_llama_cpp'!AI39 | H38: ='Raw_llama_cpp'!AJ39
