Workbook

Sheet Raw_claw-code
A1: Round | B1: Encode Speed (MB/s) | F1: Decode Speed (MB/s) | J1: Encode RSS (MB) | N1: Decode RSS (MB) | R1: Encode Energy (J) | V1: Decode Energy (J) | Z1: Compress Ratio
B2: BVX3 | C2: Other3 | D2: Lazy2 | E2: Optimal | F2: BVX3 | G2: Other3 | H2: Lazy2 | I2: Optimal | J2: BVX3 | K2: Other3 | L2: Lazy2 | M2: Optimal | N2: BVX3 | O2: Other3 | P2: Lazy2 | Q2: Optimal | R2: BVX3 | S2: Other3 | T2: Lazy2 | U2: Optimal | V2: BVX3 | W2: Other3 | X2: Lazy2 | Y2: Optimal | Z2: BVX3 | AA2: Other3 | AB2: Lazy2 | AC2: Optimal
A3: R27 | B3: 634.82 | C3: 417.11 | D3: 55.3 | E3: 34.36 | F3: 746.42 | G3: 729.35 | H3: 685.2 | I3: 710.15 | J3: 350.7 | K3: 363 | L3: 500.9 | M3: 570.2 | N3: 315.1 | O3: 303.4 | P3: 316 | Q3: 313 | Z3: 0.9515 | AA3: 0.9872 | AB3: 0.9016 | AC3: 0.859
A4: R28 | B4: 672.71 | C4: 618.34 | D4: 66.46 | E4: 34.93 | F4: 663.05 | G4: 763.42 | H4: 760.3 | I4: 601.02 | J4: 366.3 | K4: 354.1 | L4: 497.6 | M4: 558.6 | N4: 315.3 | O4: 303.6 | P4: 316 | Q4: 312.9 | Z4: 0.9515 | AA4: 0.9872 | AB4: 0.9016 | AC4: 0.859
A5: R29 | B5: 672.71 | C5: 618.34 | D5: 66.46 | E5: 34.93 | F5: 663.05 | G5: 763.42 | H5: 760.3 | I5: 601.02 | J5: 366.3 | K5: 354.1 | L5: 497.6 | M5: 558.6 | N5: 315.3 | O5: 303.6 | P5: 316 | Q5: 312.9 | R5: 46.373344 | S5: 39.064042 | T5: 200.66516 | U5: 561.57885 | V5: 2.027048 | X5: 1.337064 | Y5: 0.746398 | Z5: 0.9515 | AA5: 0.9872 | AB5: 0.9016 | AC5: 0.859
A6: R30 | B6: 589.03 | C6: 513.14 | D6: 69.15 | E6: 37.13 | F6: 581.45 | G6: 736.57 | H6: 530.51 | I6: 544.35 | J6: 372.8 | K6: 371.5 | L6: 502 | M6: 580.8 | N6: 318.2 | O6: 302.4 | P6: 319.2 | Q6: 312.8 | R6: 34.633305 | S6: 34.229972 | T6: 107.71522 | U6: 502.7512 | V6: 0.158688 | W6: 0.086194 | X6: 0.09558 | Y6: 0.086997 | Z6: 0.9515 | AA6: 0.9872 | AB6: 0.9016 | AC6: 0.859
A7: R31 | B7: 657.59 | C7: 637.91 | D7: 68.73 | E7: 36.95 | F7: 402.17 | G7: 729.78 | H7: 666.32 | I7: 452.8 | J7: 355 | K7: 357.8 | L7: 494.7 | M7: 572.3 | N7: 322.4 | O7: 298.7 | P7: 319.7 | Q7: 308.6 | R7: 35.672829 | S7: 33.684011 | T7: 111.23412 | U7: 511.52906 | V7: 0.069104 | W7: 0.071761 | X7: 0.085762 | Y7: 0.062455 | Z7: 0.9516 | AA7: 0.9871 | AB7: 0.9013 | AC7: 0.859
A8: R32 | B8: 642.06 | C8: 502.96 | D8: 67.68 | E8: 36.98 | F8: 427.47 | G8: 705.81 | H8: 435.97 | I8: 416.81 | J8: 364.7 | K8: 349.5 | L8: 485.1 | M8: 544.2 | N8: 322.5 | O8: 298.7 | P8: 319.8 | Q8: 308.2 | R8: 34.563284 | S8: 41.832219 | T8: 115.00051 | U8: 513.39939 | V8: 0.150759 | W8: 0.492021 | X8: 0.200182 | Y8: 0.420946 | Z8: 0.9516 | AA8: 0.9871 | AB8: 0.9013 | AC8: 0.8605
A9: R33 | B9: 681.7 | C9: 536.98 | D9: 66.58 | E9: 36.29 | F9: 687.96 | G9: 758.03 | H9: 731.77 | I9: 769.09 | J9: 361.2 | K9: 369.6 | L9: 506.2 | M9: 572.6 | N9: 322.6 | O9: 298.7 | P9: 320 | Q9: 306.8 | R9: 32.590001 | S9: 34.858309 | T9: 126.74392 | U9: 512.05688 | V9: 0.115538 | W9: 0.55181 | X9: 0.279663 | Y9: 0.726997 | Z9: 0.9516 | AA9: 0.9871 | AB9: 0.9013 | AC9: 0.8633
A10: R34 | B10: 681.7 | C10: 536.98 | D10: 66.58 | E10: 36.29 | F10: 687.96 | G10: 758.03 | H10: 731.77 | I10: 769.09 | J10: 361.2 | K10: 369.6 | L10: 506.2 | M10: 572.6 | N10: 322.6 | O10: 298.7 | P10: 320 | Q10: 306.8 | R10: 32.590001 | S10: 34.858309 | T10: 126.74392 | U10: 512.05688 | V10: 0.115538 | W10: 0.55181 | X10: 0.279663 | Y10: 0.726997 | Z10: 0.9516 | AA10: 0.9871 | AB10: 0.9013 | AC10: 0.8633
A11: R35 | B11: 310.37 | C11: 365.75 | D11: 64.37 | E11: 34.7 | F11: 352.72 | G11: 343.16 | H11: 303.39 | I11: 295.47 | J11: 233.1 | K11: 271 | L11: 495.8 | M11: 578.1 | N11: 324.9 | O11: 300.1 | P11: 320.5 | Q11: 308 | R11: 35.059268 | S11: 36.113226 | T11: 119.95025 | U11: 545.69468 | V11: 0.611445 | W11: 1.301037 | X11: 0.213935 | Y11: 0.288417 | Z11: 0.9492 | AA11: 0.9865 | AB11: 0.8998 | AC11: 0.859
A12: R36 | B12: 379.91 | C12: 339.47 | D12: 66.16 | E12: 36.22 | F12: 399.24 | G12: 424.31 | H12: 306.51 | I12: 394.35 | J12: 244.6 | K12: 252.8 | L12: 496.4 | M12: 572.3 | N12: 324.7 | O12: 299.4 | P12: 320.1 | Q12: 308.9 | R12: 44.606623 | S12: 48.271205 | T12: 162.97841 | U12: 602.63338 | V12: 9.251243 | W12: 7.105547 | X12: 8.508665 | Y12: 8.389544 | Z12: 0.9492 | AA12: 0.9865 | AB12: 0.8998 | AC12: 0.859
A13: R37 | B13: 377.72 | C13: 326.06 | D13: 67.09 | E13: 35.85 | F13: 399.19 | G13: 389.07 | H13: 397.82 | I13: 437.1 | J13: 256.6 | K13: 224 | L13: 491.1 | M13: 564.4 | N13: 323.5 | O13: 301 | P13: 320.3 | Q13: 328.4 | R13: 36.86923 | S13: 35.854704 | T13: 113.77796 | U13: 526.29559 | V13: 4.136338 | W13: 2.926486 | X13: 4.087921 | Y13: 3.907384 | Z13: 0.9492 | AA13: 0.9865 | AB13: 0.8998 | AC13: 0.859
A14: R38 | B14: 437.11 | C14: 410.93 | D14: 69.13 | E14: 36.21 | F14: 337.21 | G14: 328.53 | H14: 433.61 | I14: 324.08 | J14: 246.7 | K14: 227.6 | L14: 496.1 | M14: 561.2 | N14: 323.6 | O14: 299.4 | P14: 320.5 | Q14: 309.3 | R14: 33.447712 | S14: 32.060647 | T14: 108.6155 | U14: 517.76516 | V14: 0.181589 | W14: 0.538871 | X14: 0.254568 | Y14: 0.253861 | Z14: 0.9492 | AA14: 0.9865 | AB14: 0.8998 | AC14: 0.859
A15: R39 | B15: 423.81 | C15: 380.06 | D15: 68.81 | E15: 35.88 | F15: 413.24 | G15: 424.24 | H15: 322.2 | I15: 381.9 | J15: 238 | K15: 232.5 | L15: 492.8 | M15: 581.4 | N15: 324.8 | O15: 299.4 | P15: 320.5 | Q15: 307.9 | R15: 31.143115 | S15: 32.948343 | T15: 107.23009 | U15: 509.58485 | V15: 0.495293 | W15: 0.037381 | X15: 0.065316 | Y15: 0.031139 | Z15: 0.9492 | AA15: 0.9865 | AB15: 0.8998 | AC15: 0.859
A16: R40 | B16: 421.51 | C16: 380.73 | D16: 57.84 | E16: 29.9 | F16: 355.84 | G16: 414.82 | H16: 401.28 | I16: 355.61 | J16: 252.3 | K16: 252 | L16: 490.6 | M16: 561.2 | N16: 323.6 | O16: 301.1 | P16: 320.2 | Q16: 307.4 | R16: 35.229767 | S16: 30.909548 | T16: 135.08505 | U16: 537.43612 | V16: 5.762166 | W16: 3.287348 | X16: 4.577887 | Y16: 4.507743 | Z16: 0.9492 | AA16: 0.9865 | AB16: 0.8998 | AC16: 0.8574

Sheet Raw_llama_cpp
A1: Round | B1: Encode Speed (MB/s) | F1: Decode Speed (MB/s) | J1: Encode RSS (MB) | N1: Decode RSS (MB) | R1: Encode Energy (J) | V1: Decode Energy (J) | Z1: Compress Ratio
B2: BVX3 | C2: Other3 | D2: Lazy2 | E2: Optimal | F2: BVX3 | G2: Other3 | H2: Lazy2 | I2: Optimal | J2: BVX3 | K2: Other3 | L2: Lazy2 | M2: Optimal | N2: BVX3 | O2: Other3 | P2: Lazy2 | Q2: Optimal | R2: BVX3 | S2: Other3 | T2: Lazy2 | U2: Optimal | V2: BVX3 | W2: Other3 | X2: Lazy2 | Y2: Optimal | Z2: BVX3 | AA2: Other3 | AB2: Lazy2 | AC2: Optimal
A3: R27 | B3: 398.7 | C3: 423.41 | D3: 186.98 | E3: 60.24 | F3: 292.37 | G3: 283.07 | H3: 308.44 | I3: 300.49 | J3: 394.2 | K3: 271.5 | L3: 518.3 | M3: 572.8 | N3: 344.2 | O3: 341.3 | P3: 341.2 | Q3: 341.8 | Z3: 0.9816 | AA3: 0.9979 | AB3: 0.9588 | AC3: 0.9416
A4: R28 | B4: 448.98 | C4: 455.4 | D4: 193.22 | E4: 60.67 | F4: 224.37 | G4: 270.46 | H4: 294.54 | I4: 235.02 | J4: 380.2 | K4: 385.1 | L4: 515.8 | M4: 581.1 | N4: 343.2 | O4: 341.5 | P4: 341.1 | Q4: 341.5 | Z4: 0.9816 | AA4: 0.9979 | AB4: 0.9588 | AC4: 0.9416
A5: R29 | B5: 448.98 | C5: 455.4 | D5: 193.22 | E5: 60.67 | F5: 224.37 | G5: 270.46 | H5: 294.54 | I5: 235.02 | J5: 380.2 | K5: 385.1 | L5: 515.8 | M5: 581.1 | N5: 343.2 | O5: 341.5 | P5: 341.1 | Q5: 341.5 | R5: 29.202931 | S5: 27.512151 | T5: 50.73156 | U5: 336.9165 | Z5: 0.9816 | AA5: 0.9979 | AB5: 0.9588 | AC5: 0.9416
A6: R30 | B6: 390.68 | C6: 405.58 | D6: 189.14 | E6: 60.78 | F6: 197.82 | G6: 242.99 | H6: 268.03 | I6: 225.28 | J6: 361.4 | K6: 356.8 | L6: 531.2 | M6: 600.9 | N6: 351.3 | O6: 349.3 | P6: 349.3 | Q6: 349.9 | R6: 27.06095 | S6: 26.283298 | T6: 46.721709 | U6: 325.62739 | Z6: 0.9816 | AA6: 0.9979 | AB6: 0.9588 | AC6: 0.9416
A7: R31 | B7: 303.87 | C7: 282.85 | D7: 176.72 | E7: 59.65 | F7: 272.96 | G7: 230.02 | H7: 239.65 | I7: 247.02 | J7: 365.4 | K7: 368.6 | L7: 518.3 | M7: 586.9 | N7: 351.2 | O7: 349.3 | P7: 348.4 | Q7: 349.7 | R7: 28.262498 | S7: 26.765581 | T7: 50.00129 | U7: 336.03229 | W7: 0.056525 | Z7: 0.9816 | AA7: 0.9978 | AB7: 0.9583 | AC7: 0.9415
A8: R32 | B8: 301.7 | C8: 281.67 | D8: 177.5 | E8: 59.66 | F8: 204.91 | G8: 257.14 | H8: 296.45 | I8: 217.65 | J8: 376.8 | K8: 389.5 | L8: 500.4 | M8: 577.3 | N8: 351 | O8: 349.2 | P8: 348.3 | Q8: 349.5 | R8: 27.401693 | S8: 25.293345 | T8: 49.178915 | U8: 329.64369 | V8: 0.120664 | W8: 0.169607 | X8: 0.568261 | Y8: 0.456669 | Z8: 0.9816 | AA8: 0.9978 | AB8: 0.9583 | AC8: 0.9421
A9: R33 | B9: 433.57 | C9: 455.81 | D9: 198.03 | E9: 60.06 | F9: 291.52 | G9: 277.42 | H9: 288.38 | I9: 287.14 | J9: 367.5 | K9: 370.3 | L9: 517.2 | M9: 604.2 | N9: 351.1 | O9: 349.4 | P9: 348.4 | Q9: 349.9 | R9: 27.628079 | S9: 24.381924 | T9: 49.236007 | U9: 336.99309 | V9: 3.686107 | W9: 1.279502 | X9: 0.641797 | Y9: 0.249967 | Z9: 0.9816 | AA9: 0.9978 | AB9: 0.9583 | AC9: 0.9434
A10: R34 | B10: 433.57 | C10: 455.81 | D10: 198.03 | E10: 60.06 | F10: 291.52 | G10: 277.42 | H10: 288.38 | I10: 287.14 | J10: 367.5 | K10: 370.3 | L10: 517.2 | M10: 604.2 | N10: 351.1 | O10: 349.4 | P10: 348.4 | Q10: 349.9 | R10: 27.628079 | S10: 24.381924 | T10: 49.236007 | U10: 336.99309 | V10: 3.686107 | W10: 1.279502 | X10: 0.641797 | Y10: 0.249967 | Z10: 0.9816 | AA10: 0.9978 | AB10: 0.9583 | AC10: 0.9434
A11: R35 | B11: 95.53 | C11: 95.29 | D11: 85.25 | E11: 49.89 | F11: 87.54 | G11: 87.79 | H11: 89.38 | I11: 88.28 | J11: 347 | K11: 348.3 | L11: 497 | M11: 587.2 | N11: 351.4 | O11: 349.1 | P11: 348.8 | Q11: 349.3 | R11: 27.975481 | S11: 30.003544 | T11: 59.204837 | U11: 371.50291 | V11: 2.628152 | W11: 2.932252 | Y11: 2.496657 | Z11: 0.9787 | AA11: 0.9957 | AB11: 0.9551 | AC11: 0.9393
A12: R36 | B12: 100.93 | C12: 100.78 | D12: 91.11 | E12: 50.42 | F12: 86.32 | G12: 83.84 | H12: 83.31 | I12: 84.65 | J12: 347.8 | K12: 340.4 | L12: 464.4 | M12: 563.5 | N12: 351.2 | O12: 349 | P12: 348.8 | Q12: 348.9 | R12: 35.780564 | S12: 35.6582 | T12: 70.372966 | U12: 407.28375 | V12: 6.110705 | W12: 5.214195 | X12: 5.032602 | Y12: 5.858178 | Z12: 0.9787 | AA12: 0.9957 | AB12: 0.9551 | AC12: 0.9393
A13: R37 | B13: 88.54 | C13: 88.43 | D13: 83.09 | E13: 49.85 | F13: 86.46 | G13: 86.81 | H13: 88.67 | I13: 89.25 | J13: 343.5 | K13: 349.4 | L13: 487.4 | M13: 600.6 | N13: 350.9 | O13: 349 | P13: 348.9 | Q13: 348.8 | R13: 28.439439 | S13: 27.404132 | T13: 49.563479 | U13: 364.6004 | V13: 2.652776 | W13: 2.636352 | X13: 2.487438 | Y13: 2.747863 | Z13: 0.9787 | AA13: 0.9957 | AB13: 0.9551 | AC13: 0.9393
A14: R38 | B14: 96.31 | C14: 98.58 | D14: 89.04 | E14: 50.42 | F14: 84.08 | G14: 88.47 | H14: 87.77 | I14: 81.63 | J14: 355.3 | K14: 335.5 | L14: 481.8 | M14: 597.2 | N14: 351.3 | O14: 349 | P14: 348.8 | Q14: 349.2 | R14: 24.794849 | S14: 24.936548 | T14: 44.959099 | U14: 359.19475 | V14: 0.192758 | W14: 0.247449 | X14: 0.307893 | Y14: 0.061502 | Z14: 0.9787 | AA14: 0.9957 | AB14: 0.9551 | AC14: 0.9393
A15: R39 | B15: 95.39 | C15: 96.05 | D15: 87.36 | E15: 50.12 | F15: 84.36 | G15: 83.36 | H15: 85.93 | I15: 85.93 | J15: 336.4 | K15: 288.5 | L15: 486.2 | M15: 579.2 | N15: 351.3 | O15: 349 | P15: 348.8 | Q15: 348.9 | R15: 23.61635 | S15: 19.722189 | T15: 46.799366 | U15: 357.90825 | V15: 0.026834 | W15: 0.033256 | X15: 0.03446 | Y15: 0.043203 | Z15: 0.9787 | AA15: 0.9957 | AB15: 0.9551 | AC15: 0.9393
A16: R40 | B16: 88.97 | C16: 86.81 | D16: 84.81 | E16: 46.97 | F16: 81.4 | G16: 80.65 | H16: 83.8 | I16: 79.28 | J16: 356.1 | K16: 362.2 | L16: 496.6 | M16: 821.4 | N16: 351.4 | O16: 349 | P16: 348.8 | Q16: 349.3 | R16: 34.261963 | S16: 30.715731 | T16: 56.360218 | U16: 349.61164 | V16: 2.491499 | W16: 2.14579 | X16: 2.170224 | Y16: 2.703185 | Z16: 0.9787 | AA16: 0.9958 | AB16: 0.9551 | AC16: 0.9387

Sheet claw-code_Speed
A1: claw-code — Speed Trend (n=40, R27–R40)
A2: Round | B2: enc-BVX3 | C2: enc-Other3 | D2: enc-Lazy2 | E2: enc-Optimal | F2: dec-BVX3 | G2: dec-Other3 | H2: dec-Lazy2 | I2: dec-Optimal
A3: R27 | B3: ='Raw_claw-code'!B3 | C3: ='Raw_claw-code'!C3 | D3: ='Raw_claw-code'!D3 | E3: ='Raw_claw-code'!E3 | F3: ='Raw_claw-code'!F3 | G3: ='Raw_claw-code'!G3 | H3: ='Raw_claw-code'!H3 | I3: ='Raw_claw-code'!I3
A4: R28 | B4: ='Raw_claw-code'!B4 | C4: ='Raw_claw-code'!C4 | D4: ='Raw_claw-code'!D4 | E4: ='Raw_claw-code'!E4 | F4: ='Raw_claw-code'!F4 | G4: ='Raw_claw-code'!G4 | H4: ='Raw_claw-code'!H4 | I4: ='Raw_claw-code'!I4
A5: R29 | B5: ='Raw_claw-code'!B5 | C5: ='Raw_claw-code'!C5 | D5: ='Raw_claw-code'!D5 | E5: ='Raw_claw-code'!E5 | F5: ='Raw_claw-code'!F5 | G5: ='Raw_claw-code'!G5 | H5: ='Raw_claw-code'!H5 | I5: ='Raw_claw-code'!I5
A6: R30 | B6: ='Raw_claw-code'!B6 | C6: ='Raw_claw-code'!C6 | D6: ='Raw_claw-code'!D6 | E6: ='Raw_claw-code'!E6 | F6: ='Raw_claw-code'!F6 | G6: ='Raw_claw-code'!G6 | H6: ='Raw_claw-code'!H6 | I6: ='Raw_claw-code'!I6
A7: R31 | B7: ='Raw_claw-code'!B7 | C7: ='Raw_claw-code'!C7 | D7: ='Raw_claw-code'!D7 | E7: ='Raw_claw-code'!E7 | F7: ='Raw_claw-code'!F7 | G7: ='Raw_claw-code'!G7 | H7: ='Raw_claw-code'!H7 | I7: ='Raw_claw-code'!I7
A8: R32 | B8: ='Raw_claw-code'!B8 | C8: ='Raw_claw-code'!C8 | D8: ='Raw_claw-code'!D8 | E8: ='Raw_claw-code'!E8 | F8: ='Raw_claw-code'!F8 | G8: ='Raw_claw-code'!G8 | H8: ='Raw_claw-code'!H8 | I8: ='Raw_claw-code'!I8
A9: R33 | B9: ='Raw_claw-code'!B9 | C9: ='Raw_claw-code'!C9 | D9: ='Raw_claw-code'!D9 | E9: ='Raw_claw-code'!E9 | F9: ='Raw_claw-code'!F9 | G9: ='Raw_claw-code'!G9 | H9: ='Raw_claw-code'!H9 | I9: ='Raw_claw-code'!I9
A10: R34 | B10: ='Raw_claw-code'!B10 | C10: ='Raw_claw-code'!C10 | D10: ='Raw_claw-code'!D10 | E10: ='Raw_claw-code'!E10 | F10: ='Raw_claw-code'!F10 | G10: ='Raw_claw-code'!G10 | H10: ='Raw_claw-code'!H10 | I10: ='Raw_claw-code'!I10
A11: R35 | B11: ='Raw_claw-code'!B11 | C11: ='Raw_claw-code'!C11 | D11: ='Raw_claw-code'!D11 | E11: ='Raw_claw-code'!E11 | F11: ='Raw_claw-code'!F11 | G11: ='Raw_claw-code'!G11 | H11: ='Raw_claw-code'!H11 | I11: ='Raw_claw-code'!I11
A12: R36 | B12: ='Raw_claw-code'!B12 | C12: ='Raw_claw-code'!C12 | D12: ='Raw_claw-code'!D12 | E12: ='Raw_claw-code'!E12 | F12: ='Raw_claw-code'!F12 | G12: ='Raw_claw-code'!G12 | H12: ='Raw_claw-code'!H12 | I12: ='Raw_claw-code'!I12
A13: R37 | B13: ='Raw_claw-code'!B13 | C13: ='Raw_claw-code'!C13 | D13: ='Raw_claw-code'!D13 | E13: ='Raw_claw-code'!E13 | F13: ='Raw_claw-code'!F13 | G13: ='Raw_claw-code'!G13 | H13: ='Raw_claw-code'!H13 | I13: ='Raw_claw-code'!I13
A14: R38 | B14: ='Raw_claw-code'!B14 | C14: ='Raw_claw-code'!C14 | D14: ='Raw_claw-code'!D14 | E14: ='Raw_claw-code'!E14 | F14: ='Raw_claw-code'!F14 | G14: ='Raw_claw-code'!G14 | H14: ='Raw_claw-code'!H14 | I14: ='Raw_claw-code'!I14
... A16: R40 | B16: ='Raw_claw-code'!B16 | C16: ='Raw_claw-code'!C16 | D16: ='Raw_claw-code'!D16 | E16: ='Raw_claw-code'!E16 | F16: ='Raw_claw-code'!F16 | G16: ='Raw_claw-code'!G16 | H16: ='Raw_claw-code'!H16 | I16: ='Raw_claw-code'!I16

Sheet claw-code_RSS
A1: claw-code — RSS Trend (n=40, R27–R40)
A2: Round | B2: enc-BVX3 | C2: enc-Other3 | D2: enc-Lazy2 | E2: enc-Optimal | F2: dec-BVX3 | G2: dec-Other3 | H2: dec-Lazy2 | I2: dec-Optimal
A3: R27 | B3: ='Raw_claw-code'!J3 | C3: ='Raw_claw-code'!K3 | D3: ='Raw_claw-code'!L3 | E3: ='Raw_claw-code'!M3 | F3: ='Raw_claw-code'!N3 | G3: ='Raw_claw-code'!O3 | H3: ='Raw_claw-code'!P3 | I3: ='Raw_claw-code'!Q3
A4: R28 | B4: ='Raw_claw-code'!J4 | C4: ='Raw_claw-code'!K4 | D4: ='Raw_claw-code'!L4 | E4: ='Raw_claw-code'!M4 | F4: ='Raw_claw-code'!N4 | G4: ='Raw_claw-code'!O4 | H4: ='Raw_claw-code'!P4 | I4: ='Raw_claw-code'!Q4
A5: R29 | B5: ='Raw_claw-code'!J5 | C5: ='Raw_claw-code'!K5 | D5: ='Raw_claw-code'!L5 | E5: ='Raw_claw-code'!M5 | F5: ='Raw_claw-code'!N5 | G5: ='Raw_claw-code'!O5 | H5: ='Raw_claw-code'!P5 | I5: ='Raw_claw-code'!Q5
A6: R30 | B6: ='Raw_claw-code'!J6 | C6: ='Raw_claw-code'!K6 | D6: ='Raw_claw-code'!L6 | E6: ='Raw_claw-code'!M6 | F6: ='Raw_claw-code'!N6 | G6: ='Raw_claw-code'!O6 | H6: ='Raw_claw-code'!P6 | I6: ='Raw_claw-code'!Q6
A7: R31 | B7: ='Raw_claw-code'!J7 | C7: ='Raw_claw-code'!K7 | D7: ='Raw_claw-code'!L7 | E7: ='Raw_claw-code'!M7 | F7: ='Raw_claw-code'!N7 | G7: ='Raw_claw-code'!O7 | H7: ='Raw_claw-code'!P7 | I7: ='Raw_claw-code'!Q7
A8: R32 | B8: ='Raw_claw-code'!J8 | C8: ='Raw_claw-code'!K8 | D8: ='Raw_claw-code'!L8 | E8: ='Raw_claw-code'!M8 | F8: ='Raw_claw-code'!N8 | G8: ='Raw_claw-code'!O8 | H8: ='Raw_claw-code'!P8 | I8: ='Raw_claw-code'!Q8
A9: R33 | B9: ='Raw_claw-code'!J9 | C9: ='Raw_claw-code'!K9 | D9: ='Raw_claw-code'!L9 | E9: ='Raw_claw-code'!M9 | F9: ='Raw_claw-code'!N9 | G9: ='Raw_claw-code'!O9 | H9: ='Raw_claw-code'!P9 | I9: ='Raw_claw-code'!Q9
A10: R34 | B10: ='Raw_claw-code'!J10 | C10: ='Raw_claw-code'!K10 | D10: ='Raw_claw-code'!L10 | E10: ='Raw_claw-code'!M10 | F10: ='Raw_claw-code'!N10 | G10: ='Raw_claw-code'!O10 | H10: ='Raw_claw-code'!P10 | I10: ='Raw_claw-code'!Q10
A11: R35 | B11: ='Raw_claw-code'!J11 | C11: ='Raw_claw-code'!K11 | D11: ='Raw_claw-code'!L11 | E11: ='Raw_claw-code'!M11 | F11: ='Raw_claw-code'!N11 | G11: ='Raw_claw-code'!O11 | H11: ='Raw_claw-code'!P11 | I11: ='Raw_claw-code'!Q11
A12: R36 | B12: ='Raw_claw-code'!J12 | C12: ='Raw_claw-code'!K12 | D12: ='Raw_claw-code'!L12 | E12: ='Raw_claw-code'!M12 | F12: ='Raw_claw-code'!N12 | G12: ='Raw_claw-code'!O12 | H12: ='Raw_claw-code'!P12 | I12: ='Raw_claw-code'!Q12
A13: R37 | B13: ='Raw_claw-code'!J13 | C13: ='Raw_claw-code'!K13 | D13: ='Raw_claw-code'!L13 | E13: ='Raw_claw-code'!M13 | F13: ='Raw_claw-code'!N13 | G13: ='Raw_claw-code'!O13 | H13: ='Raw_claw-code'!P13 | I13: ='Raw_claw-code'!Q13
A14: R38 | B14: ='Raw_claw-code'!J14 | C14: ='Raw_claw-code'!K14 | D14: ='Raw_claw-code'!L14 | E14: ='Raw_claw-code'!M14 | F14: ='Raw_claw-code'!N14 | G14: ='Raw_claw-code'!O14 | H14: ='Raw_claw-code'!P14 | I14: ='Raw_claw-code'!Q14
... A16: R40 | B16: ='Raw_claw-code'!J16 | C16: ='Raw_claw-code'!K16 | D16: ='Raw_claw-code'!L16 | E16: ='Raw_claw-code'!M16 | F16: ='Raw_claw-code'!N16 | G16: ='Raw_claw-code'!O16 | H16: ='Raw_claw-code'!P16 | I16: ='Raw_claw-code'!Q16

Sheet claw-code_Energy
A1: claw-code — Energy Trend (n=40, R27–R40)
A2: Round | B2: enc-BVX3 | C2: enc-Other3 | D2: enc-Lazy2 | E2: enc-Optimal | F2: dec-BVX3 | G2: dec-Other3 | H2: dec-Lazy2 | I2: dec-Optimal
A3: R27 | B3: ='Raw_claw-code'!R3 | C3: ='Raw_claw-code'!S3 | D3: ='Raw_claw-code'!T3 | E3: ='Raw_claw-code'!U3 | F3: ='Raw_claw-code'!V3 | G3: ='Raw_claw-code'!W3 | H3: ='Raw_claw-code'!X3 | I3: ='Raw_claw-code'!Y3
A4: R28 | B4: ='Raw_claw-code'!R4 | C4: ='Raw_claw-code'!S4 | D4: ='Raw_claw-code'!T4 | E4: ='Raw_claw-code'!U4 | F4: ='Raw_claw-code'!V4 | G4: ='Raw_claw-code'!W4 | H4: ='Raw_claw-code'!X4 | I4: ='Raw_claw-code'!Y4
A5: R29 | B5: ='Raw_claw-code'!R5 | C5: ='Raw_claw-code'!S5 | D5: ='Raw_claw-code'!T5 | E5: ='Raw_claw-code'!U5 | F5: ='Raw_claw-code'!V5 | G5: ='Raw_claw-code'!W5 | H5: ='Raw_claw-code'!X5 | I5: ='Raw_claw-code'!Y5
A6: R30 | B6: ='Raw_claw-code'!R6 | C6: ='Raw_claw-code'!S6 | D6: ='Raw_claw-code'!T6 | E6: ='Raw_claw-code'!U6 | F6: ='Raw_claw-code'!V6 | G6: ='Raw_claw-code'!W6 | H6: ='Raw_claw-code'!X6 | I6: ='Raw_claw-code'!Y6
A7: R31 | B7: ='Raw_claw-code'!R7 | C7: ='Raw_claw-code'!S7 | D7: ='Raw_claw-code'!T7 | E7: ='Raw_claw-code'!U7 | F7: ='Raw_claw-code'!V7 | G7: ='Raw_claw-code'!W7 | H7: ='Raw_claw-code'!X7 | I7: ='Raw_claw-code'!Y7
A8: R32 | B8: ='Raw_claw-code'!R8 | C8: ='Raw_claw-code'!S8 | D8: ='Raw_claw-code'!T8 | E8: ='Raw_claw-code'!U8 | F8: ='Raw_claw-code'!V8 | G8: ='Raw_claw-code'!W8 | H8: ='Raw_claw-code'!X8 | I8: ='Raw_claw-code'!Y8
A9: R33 | B9: ='Raw_claw-code'!R9 | C9: ='Raw_claw-code'!S9 | D9: ='Raw_claw-code'!T9 | E9: ='Raw_claw-code'!U9 | F9: ='Raw_claw-code'!V9 | G9: ='Raw_claw-code'!W9 | H9: ='Raw_claw-code'!X9 | I9: ='Raw_claw-code'!Y9
A10: R34 | B10: ='Raw_claw-code'!R10 | C10: ='Raw_claw-code'!S10 | D10: ='Raw_claw-code'!T10 | E10: ='Raw_claw-code'!U10 | F10: ='Raw_claw-code'!V10 | G10: ='Raw_claw-code'!W10 | H10: ='Raw_claw-code'!X10 | I10: ='Raw_claw-code'!Y10
A11: R35 | B11: ='Raw_claw-code'!R11 | C11: ='Raw_claw-code'!S11 | D11: ='Raw_claw-code'!T11 | E11: ='Raw_claw-code'!U11 | F11: ='Raw_claw-code'!V11 | G11: ='Raw_claw-code'!W11 | H11: ='Raw_claw-code'!X11 | I11: ='Raw_claw-code'!Y11
A12: R36 | B12: ='Raw_claw-code'!R12 | C12: ='Raw_claw-code'!S12 | D12: ='Raw_claw-code'!T12 | E12: ='Raw_claw-code'!U12 | F12: ='Raw_claw-code'!V12 | G12: ='Raw_claw-code'!W12 | H12: ='Raw_claw-code'!X12 | I12: ='Raw_claw-code'!Y12
A13: R37 | B13: ='Raw_claw-code'!R13 | C13: ='Raw_claw-code'!S13 | D13: ='Raw_claw-code'!T13 | E13: ='Raw_claw-code'!U13 | F13: ='Raw_claw-code'!V13 | G13: ='Raw_claw-code'!W13 | H13: ='Raw_claw-code'!X13 | I13: ='Raw_claw-code'!Y13
A14: R38 | B14: ='Raw_claw-code'!R14 | C14: ='Raw_claw-code'!S14 | D14: ='Raw_claw-code'!T14 | E14: ='Raw_claw-code'!U14 | F14: ='Raw_claw-code'!V14 | G14: ='Raw_claw-code'!W14 | H14: ='Raw_claw-code'!X14 | I14: ='Raw_claw-code'!Y14
... A16: R40 | B16: ='Raw_claw-code'!R16 | C16: ='Raw_claw-code'!S16 | D16: ='Raw_claw-code'!T16 | E16: ='Raw_claw-code'!U16 | F16: ='Raw_claw-code'!V16 | G16: ='Raw_claw-code'!W16 | H16: ='Raw_claw-code'!X16 | I16: ='Raw_claw-code'!Y16

Sheet claw-code_CompRatio
A1: claw-code — CompRatio Trend (n=40, R27–R40)
A2: Round | B2: BVX3 | C2: Other3 | D2: Lazy2 | E2: Optimal
A3: R27 | B3: ='Raw_claw-code'!Z3 | C3: ='Raw_claw-code'!AA3 | D3: ='Raw_claw-code'!AB3 | E3: ='Raw_claw-code'!AC3
A4: R28 | B4: ='Raw_claw-code'!Z4 | C4: ='Raw_claw-code'!AA4 | D4: ='Raw_claw-code'!AB4 | E4: ='Raw_claw-code'!AC4
A5: R29 | B5: ='Raw_claw-code'!Z5 | C5: ='Raw_claw-code'!AA5 | D5: ='Raw_claw-code'!AB5 | E5: ='Raw_claw-code'!AC5
A6: R30 | B6: ='Raw_claw-code'!Z6 | C6: ='Raw_claw-code'!AA6 | D6: ='Raw_claw-code'!AB6 | E6: ='Raw_claw-code'!AC6
A7: R31 | B7: ='Raw_claw-code'!Z7 | C7: ='Raw_claw-code'!AA7 | D7: ='Raw_claw-code'!AB7 | E7: ='Raw_claw-code'!AC7
A8: R32 | B8: ='Raw_claw-code'!Z8 | C8: ='Raw_claw-code'!AA8 | D8: ='Raw_claw-code'!AB8 | E8: ='Raw_claw-code'!AC8
A9: R33 | B9: ='Raw_claw-code'!Z9 | C9: ='Raw_claw-code'!AA9 | D9: ='Raw_claw-code'!AB9 | E9: ='Raw_claw-code'!AC9
A10: R34 | B10: ='Raw_claw-code'!Z10 | C10: ='Raw_claw-code'!AA10 | D10: ='Raw_claw-code'!AB10 | E10: ='Raw_claw-code'!AC10
A11: R35 | B11: ='Raw_claw-code'!Z11 | C11: ='Raw_claw-code'!AA11 | D11: ='Raw_claw-code'!AB11 | E11: ='Raw_claw-code'!AC11
A12: R36 | B12: ='Raw_claw-code'!Z12 | C12: ='Raw_claw-code'!AA12 | D12: ='Raw_claw-code'!AB12 | E12: ='Raw_claw-code'!AC12
A13: R37 | B13: ='Raw_claw-code'!Z13 | C13: ='Raw_claw-code'!AA13 | D13: ='Raw_claw-code'!AB13 | E13: ='Raw_claw-code'!AC13
A14: R38 | B14: ='Raw_claw-code'!Z14 | C14: ='Raw_claw-code'!AA14 | D14: ='Raw_claw-code'!AB14 | E14: ='Raw_claw-code'!AC14
... A16: R40 | B16: ='Raw_claw-code'!Z16 | C16: ='Raw_claw-code'!AA16 | D16: ='Raw_claw-code'!AB16 | E16: ='Raw_claw-code'!AC16

Sheet llama_cpp_Speed
A1: llama.cpp — Speed Trend (n=40, R27–R40)
A2: Round | B2: enc-BVX3 | C2: enc-Other3 | D2: enc-Lazy2 | E2: enc-Optimal | F2: dec-BVX3 | G2: dec-Other3 | H2: dec-Lazy2 | I2: dec-Optimal
A3: R27 | B3: =Raw_llama_cpp!B3 | C3: =Raw_llama_cpp!C3 | D3: =Raw_llama_cpp!D3 | E3: =Raw_llama_cpp!E3 | F3: =Raw_llama_cpp!F3 | G3: =Raw_llama_cpp!G3 | H3: =Raw_llama_cpp!H3 | I3: =Raw_llama_cpp!I3
A4: R28 | B4: =Raw_llama_cpp!B4 | C4: =Raw_llama_cpp!C4 | D4: =Raw_llama_cpp!D4 | E4: =Raw_llama_cpp!E4 | F4: =Raw_llama_cpp!F4 | G4: =Raw_llama_cpp!G4 | H4: =Raw_llama_cpp!H4 | I4: =Raw_llama_cpp!I4
A5: R29 | B5: =Raw_llama_cpp!B5 | C5: =Raw_llama_cpp!C5 | D5: =Raw_llama_cpp!D5 | E5: =Raw_llama_cpp!E5 | F5: =Raw_llama_cpp!F5 | G5: =Raw_llama_cpp!G5 | H5: =Raw_llama_cpp!H5 | I5: =Raw_llama_cpp!I5
A6: R30 | B6: =Raw_llama_cpp!B6 | C6: =Raw_llama_cpp!C6 | D6: =Raw_llama_cpp!D6 | E6: =Raw_llama_cpp!E6 | F6: =Raw_llama_cpp!F6 | G6: =Raw_llama_cpp!G6 | H6: =Raw_llama_cpp!H6 | I6: =Raw_llama_cpp!I6
A7: R31 | B7: =Raw_llama_cpp!B7 | C7: =Raw_llama_cpp!C7 | D7: =Raw_llama_cpp!D7 | E7: =Raw_llama_cpp!E7 | F7: =Raw_llama_cpp!F7 | G7: =Raw_llama_cpp!G7 | H7: =Raw_llama_cpp!H7 | I7: =Raw_llama_cpp!I7
A8: R32 | B8: =Raw_llama_cpp!B8 | C8: =Raw_llama_cpp!C8 | D8: =Raw_llama_cpp!D8 | E8: =Raw_llama_cpp!E8 | F8: =Raw_llama_cpp!F8 | G8: =Raw_llama_cpp!G8 | H8: =Raw_llama_cpp!H8 | I8: =Raw_llama_cpp!I8
A9: R33 | B9: =Raw_llama_cpp!B9 | C9: =Raw_llama_cpp!C9 | D9: =Raw_llama_cpp!D9 | E9: =Raw_llama_cpp!E9 | F9: =Raw_llama_cpp!F9 | G9: =Raw_llama_cpp!G9 | H9: =Raw_llama_cpp!H9 | I9: =Raw_llama_cpp!I9
A10: R34 | B10: =Raw_llama_cpp!B10 | C10: =Raw_llama_cpp!C10 | D10: =Raw_llama_cpp!D10 | E10: =Raw_llama_cpp!E10 | F10: =Raw_llama_cpp!F10 | G10: =Raw_llama_cpp!G10 | H10: =Raw_llama_cpp!H10 | I10: =Raw_llama_cpp!I10
A11: R35 | B11: =Raw_llama_cpp!B11 | C11: =Raw_llama_cpp!C11 | D11: =Raw_llama_cpp!D11 | E11: =Raw_llama_cpp!E11 | F11: =Raw_llama_cpp!F11 | G11: =Raw_llama_cpp!G11 | H11: =Raw_llama_cpp!H11 | I11: =Raw_llama_cpp!I11
A12: R36 | B12: =Raw_llama_cpp!B12 | C12: =Raw_llama_cpp!C12 | D12: =Raw_llama_cpp!D12 | E12: =Raw_llama_cpp!E12 | F12: =Raw_llama_cpp!F12 | G12: =Raw_llama_cpp!G12 | H12: =Raw_llama_cpp!H12 | I12: =Raw_llama_cpp!I12
A13: R37 | B13: =Raw_llama_cpp!B13 | C13: =Raw_llama_cpp!C13 | D13: =Raw_llama_cpp!D13 | E13: =Raw_llama_cpp!E13 | F13: =Raw_llama_cpp!F13 | G13: =Raw_llama_cpp!G13 | H13: =Raw_llama_cpp!H13 | I13: =Raw_llama_cpp!I13
A14: R38 | B14: =Raw_llama_cpp!B14 | C14: =Raw_llama_cpp!C14 | D14: =Raw_llama_cpp!D14 | E14: =Raw_llama_cpp!E14 | F14: =Raw_llama_cpp!F14 | G14: =Raw_llama_cpp!G14 | H14: =Raw_llama_cpp!H14 | I14: =Raw_llama_cpp!I14
... A16: R40 | B16: =Raw_llama_cpp!B16 | C16: =Raw_llama_cpp!C16 | D16: =Raw_llama_cpp!D16 | E16: =Raw_llama_cpp!E16 | F16: =Raw_llama_cpp!F16 | G16: =Raw_llama_cpp!G16 | H16: =Raw_llama_cpp!H16 | I16: =Raw_llama_cpp!I16

Sheet llama_cpp_RSS
A1: llama.cpp — RSS Trend (n=40, R27–R40)
A2: Round | B2: enc-BVX3 | C2: enc-Other3 | D2: enc-Lazy2 | E2: enc-Optimal | F2: dec-BVX3 | G2: dec-Other3 | H2: dec-Lazy2 | I2: dec-Optimal
A3: R27 | B3: =Raw_llama_cpp!J3 | C3: =Raw_llama_cpp!K3 | D3: =Raw_llama_cpp!L3 | E3: =Raw_llama_cpp!M3 | F3: =Raw_llama_cpp!N3 | G3: =Raw_llama_cpp!O3 | H3: =Raw_llama_cpp!P3 | I3: =Raw_llama_cpp!Q3
A4: R28 | B4: =Raw_llama_cpp!J4 | C4: =Raw_llama_cpp!K4 | D4: =Raw_llama_cpp!L4 | E4: =Raw_llama_cpp!M4 | F4: =Raw_llama_cpp!N4 | G4: =Raw_llama_cpp!O4 | H4: =Raw_llama_cpp!P4 | I4: =Raw_llama_cpp!Q4
A5: R29 | B5: =Raw_llama_cpp!J5 | C5: =Raw_llama_cpp!K5 | D5: =Raw_llama_cpp!L5 | E5: =Raw_llama_cpp!M5 | F5: =Raw_llama_cpp!N5 | G5: =Raw_llama_cpp!O5 | H5: =Raw_llama_cpp!P5 | I5: =Raw_llama_cpp!Q5
A6: R30 | B6: =Raw_llama_cpp!J6 | C6: =Raw_llama_cpp!K6 | D6: =Raw_llama_cpp!L6 | E6: =Raw_llama_cpp!M6 | F6: =Raw_llama_cpp!N6 | G6: =Raw_llama_cpp!O6 | H6: =Raw_llama_cpp!P6 | I6: =Raw_llama_cpp!Q6
A7: R31 | B7: =Raw_llama_cpp!J7 | C7: =Raw_llama_cpp!K7 | D7: =Raw_llama_cpp!L7 | E7: =Raw_llama_cpp!M7 | F7: =Raw_llama_cpp!N7 | G7: =Raw_llama_cpp!O7 | H7: =Raw_llama_cpp!P7 | I7: =Raw_llama_cpp!Q7
A8: R32 | B8: =Raw_llama_cpp!J8 | C8: =Raw_llama_cpp!K8 | D8: =Raw_llama_cpp!L8 | E8: =Raw_llama_cpp!M8 | F8: =Raw_llama_cpp!N8 | G8: =Raw_llama_cpp!O8 | H8: =Raw_llama_cpp!P8 | I8: =Raw_llama_cpp!Q8
A9: R33 | B9: =Raw_llama_cpp!J9 | C9: =Raw_llama_cpp!K9 | D9: =Raw_llama_cpp!L9 | E9: =Raw_llama_cpp!M9 | F9: =Raw_llama_cpp!N9 | G9: =Raw_llama_cpp!O9 | H9: =Raw_llama_cpp!P9 | I9: =Raw_llama_cpp!Q9
A10: R34 | B10: =Raw_llama_cpp!J10 | C10: =Raw_llama_cpp!K10 | D10: =Raw_llama_cpp!L10 | E10: =Raw_llama_cpp!M10 | F10: =Raw_llama_cpp!N10 | G10: =Raw_llama_cpp!O10 | H10: =Raw_llama_cpp!P10 | I10: =Raw_llama_cpp!Q10
A11: R35 | B11: =Raw_llama_cpp!J11 | C11: =Raw_llama_cpp!K11 | D11: =Raw_llama_cpp!L11 | E11: =Raw_llama_cpp!M11 | F11: =Raw_llama_cpp!N11 | G11: =Raw_llama_cpp!O11 | H11: =Raw_llama_cpp!P11 | I11: =Raw_llama_cpp!Q11
A12: R36 | B12: =Raw_llama_cpp!J12 | C12: =Raw_llama_cpp!K12 | D12: =Raw_llama_cpp!L12 | E12: =Raw_llama_cpp!M12 | F12: =Raw_llama_cpp!N12 | G12: =Raw_llama_cpp!O12 | H12: =Raw_llama_cpp!P12 | I12: =Raw_llama_cpp!Q12
A13: R37 | B13: =Raw_llama_cpp!J13 | C13: =Raw_llama_cpp!K13 | D13: =Raw_llama_cpp!L13 | E13: =Raw_llama_cpp!M13 | F13: =Raw_llama_cpp!N13 | G13: =Raw_llama_cpp!O13 | H13: =Raw_llama_cpp!P13 | I13: =Raw_llama_cpp!Q13
A14: R38 | B14: =Raw_llama_cpp!J14 | C14: =Raw_llama_cpp!K14 | D14: =Raw_llama_cpp!L14 | E14: =Raw_llama_cpp!M14 | F14: =Raw_llama_cpp!N14 | G14: =Raw_llama_cpp!O14 | H14: =Raw_llama_cpp!P14 | I14: =Raw_llama_cpp!Q14
... A16: R40 | B16: =Raw_llama_cpp!J16 | C16: =Raw_llama_cpp!K16 | D16: =Raw_llama_cpp!L16 | E16: =Raw_llama_cpp!M16 | F16: =Raw_llama_cpp!N16 | G16: =Raw_llama_cpp!O16 | H16: =Raw_llama_cpp!P16 | I16: =Raw_llama_cpp!Q16

Sheet llama_cpp_Energy
A1: llama.cpp — Energy Trend (n=40, R27–R40)
A2: Round | B2: enc-BVX3 | C2: enc-Other3 | D2: enc-Lazy2 | E2: enc-Optimal | F2: dec-BVX3 | G2: dec-Other3 | H2: dec-Lazy2 | I2: dec-Optimal
A3: R27 | B3: =Raw_llama_cpp!R3 | C3: =Raw_llama_cpp!S3 | D3: =Raw_llama_cpp!T3 | E3: =Raw_llama_cpp!U3 | F3: =Raw_llama_cpp!V3 | G3: =Raw_llama_cpp!W3 | H3: =Raw_llama_cpp!X3 | I3: =Raw_llama_cpp!Y3
A4: R28 | B4: =Raw_llama_cpp!R4 | C4: =Raw_llama_cpp!S4 | D4: =Raw_llama_cpp!T4 | E4: =Raw_llama_cpp!U4 | F4: =Raw_llama_cpp!V4 | G4: =Raw_llama_cpp!W4 | H4: =Raw_llama_cpp!X4 | I4: =Raw_llama_cpp!Y4
A5: R29 | B5: =Raw_llama_cpp!R5 | C5: =Raw_llama_cpp!S5 | D5: =Raw_llama_cpp!T5 | E5: =Raw_llama_cpp!U5 | F5: =Raw_llama_cpp!V5 | G5: =Raw_llama_cpp!W5 | H5: =Raw_llama_cpp!X5 | I5: =Raw_llama_cpp!Y5
A6: R30 | B6: =Raw_llama_cpp!R6 | C6: =Raw_llama_cpp!S6 | D6: =Raw_llama_cpp!T6 | E6: =Raw_llama_cpp!U6 | F6: =Raw_llama_cpp!V6 | G6: =Raw_llama_cpp!W6 | H6: =Raw_llama_cpp!X6 | I6: =Raw_llama_cpp!Y6
A7: R31 | B7: =Raw_llama_cpp!R7 | C7: =Raw_llama_cpp!S7 | D7: =Raw_llama_cpp!T7 | E7: =Raw_llama_cpp!U7 | F7: =Raw_llama_cpp!V7 | G7: =Raw_llama_cpp!W7 | H7: =Raw_llama_cpp!X7 | I7: =Raw_llama_cpp!Y7
A8: R32 | B8: =Raw_llama_cpp!R8 | C8: =Raw_llama_cpp!S8 | D8: =Raw_llama_cpp!T8 | E8: =Raw_llama_cpp!U8 | F8: =Raw_llama_cpp!V8 | G8: =Raw_llama_cpp!W8 | H8: =Raw_llama_cpp!X8 | I8: =Raw_llama_cpp!Y8
A9: R33 | B9: =Raw_llama_cpp!R9 | C9: =Raw_llama_cpp!S9 | D9: =Raw_llama_cpp!T9 | E9: =Raw_llama_cpp!U9 | F9: =Raw_llama_cpp!V9 | G9: =Raw_llama_cpp!W9 | H9: =Raw_llama_cpp!X9 | I9: =Raw_llama_cpp!Y9
A10: R34 | B10: =Raw_llama_cpp!R10 | C10: =Raw_llama_cpp!S10 | D10: =Raw_llama_cpp!T10 | E10: =Raw_llama_cpp!U10 | F10: =Raw_llama_cpp!V10 | G10: =Raw_llama_cpp!W10 | H10: =Raw_llama_cpp!X10 | I10: =Raw_llama_cpp!Y10
A11: R35 | B11: =Raw_llama_cpp!R11 | C11: =Raw_llama_cpp!S11 | D11: =Raw_llama_cpp!T11 | E11: =Raw_llama_cpp!U11 | F11: =Raw_llama_cpp!V11 | G11: =Raw_llama_cpp!W11 | H11: =Raw_llama_cpp!X11 | I11: =Raw_llama_cpp!Y11
A12: R36 | B12: =Raw_llama_cpp!R12 | C12: =Raw_llama_cpp!S12 | D12: =Raw_llama_cpp!T12 | E12: =Raw_llama_cpp!U12 | F12: =Raw_llama_cpp!V12 | G12: =Raw_llama_cpp!W12 | H12: =Raw_llama_cpp!X12 | I12: =Raw_llama_cpp!Y12
A13: R37 | B13: =Raw_llama_cpp!R13 | C13: =Raw_llama_cpp!S13 | D13: =Raw_llama_cpp!T13 | E13: =Raw_llama_cpp!U13 | F13: =Raw_llama_cpp!V13 | G13: =Raw_llama_cpp!W13 | H13: =Raw_llama_cpp!X13 | I13: =Raw_llama_cpp!Y13
A14: R38 | B14: =Raw_llama_cpp!R14 | C14: =Raw_llama_cpp!S14 | D14: =Raw_llama_cpp!T14 | E14: =Raw_llama_cpp!U14 | F14: =Raw_llama_cpp!V14 | G14: =Raw_llama_cpp!W14 | H14: =Raw_llama_cpp!X14 | I14: =Raw_llama_cpp!Y14
... A16: R40 | B16: =Raw_llama_cpp!R16 | C16: =Raw_llama_cpp!S16 | D16: =Raw_llama_cpp!T16 | E16: =Raw_llama_cpp!U16 | F16: =Raw_llama_cpp!V16 | G16: =Raw_llama_cpp!W16 | H16: =Raw_llama_cpp!X16 | I16: =Raw_llama_cpp!Y16

Sheet llama_cpp_CompRatio
A1: llama.cpp — CompRatio Trend (n=40, R27–R40)
A2: Round | B2: BVX3 | C2: Other3 | D2: Lazy2 | E2: Optimal
A3: R27 | B3: =Raw_llama_cpp!Z3 | C3: =Raw_llama_cpp!AA3 | D3: =Raw_llama_cpp!AB3 | E3: =Raw_llama_cpp!AC3
A4: R28 | B4: =Raw_llama_cpp!Z4 | C4: =Raw_llama_cpp!AA4 | D4: =Raw_llama_cpp!AB4 | E4: =Raw_llama_cpp!AC4
A5: R29 | B5: =Raw_llama_cpp!Z5 | C5: =Raw_llama_cpp!AA5 | D5: =Raw_llama_cpp!AB5 | E5: =Raw_llama_cpp!AC5
A6: R30 | B6: =Raw_llama_cpp!Z6 | C6: =Raw_llama_cpp!AA6 | D6: =Raw_llama_cpp!AB6 | E6: =Raw_llama_cpp!AC6
A7: R31 | B7: =Raw_llama_cpp!Z7 | C7: =Raw_llama_cpp!AA7 | D7: =Raw_llama_cpp!AB7 | E7: =Raw_llama_cpp!AC7
A8: R32 | B8: =Raw_llama_cpp!Z8 | C8: =Raw_llama_cpp!AA8 | D8: =Raw_llama_cpp!AB8 | E8: =Raw_llama_cpp!AC8
A9: R33 | B9: =Raw_llama_cpp!Z9 | C9: =Raw_llama_cpp!AA9 | D9: =Raw_llama_cpp!AB9 | E9: =Raw_llama_cpp!AC9
A10: R34 | B10: =Raw_llama_cpp!Z10 | C10: =Raw_llama_cpp!AA10 | D10: =Raw_llama_cpp!AB10 | E10: =Raw_llama_cpp!AC10
A11: R35 | B11: =Raw_llama_cpp!Z11 | C11: =Raw_llama_cpp!AA11 | D11: =Raw_llama_cpp!AB11 | E11: =Raw_llama_cpp!AC11
A12: R36 | B12: =Raw_llama_cpp!Z12 | C12: =Raw_llama_cpp!AA12 | D12: =Raw_llama_cpp!AB12 | E12: =Raw_llama_cpp!AC12
A13: R37 | B13: =Raw_llama_cpp!Z13 | C13: =Raw_llama_cpp!AA13 | D13: =Raw_llama_cpp!AB13 | E13: =Raw_llama_cpp!AC13
A14: R38 | B14: =Raw_llama_cpp!Z14 | C14: =Raw_llama_cpp!AA14 | D14: =Raw_llama_cpp!AB14 | E14: =Raw_llama_cpp!AC14
... A16: R40 | B16: =Raw_llama_cpp!Z16 | C16: =Raw_llama_cpp!AA16 | D16: =Raw_llama_cpp!AB16 | E16: =Raw_llama_cpp!AC16
